track_id,name,artist,genre,year,preview_url
1,The Ghost of Tom Joad,Rage Against the Machine,Rock,2000,https://p.scdn.co/mp3-preview/65aeba64446260387b180f36bf2c4024b272a81a?cid=774b29d4f13844c495f206cafdad9c86
2,Tight,Mindless Self Indulgence,,2011,https://p.scdn.co/mp3-preview/563278b9ab72908e811bb1c16e769d398f75ac0c?cid=774b29d4f13844c495f206cafdad9c86
3,Mine Again,Mariah Carey,RnB,2005,https://p.scdn.co/mp3-preview/6814771538f85def861170c16e12a02e7dba462d?cid=774b29d4f13844c495f206cafdad9c86
4,Pretty People,Low,,2007,https://p.scdn.co/mp3-preview/5030ba5c118757d0d0519afec6e44aa948dc3f2c?cid=774b29d4f13844c495f206cafdad9c86
5,I Come Alive,The Used,,2012,https://p.scdn.co/mp3-preview/eebd04447c74bfb32cf7262e76f23c5e9b32ef9d?cid=774b29d4f13844c495f206cafdad9c86
6,The Rain Must Fall,Yanni,New Age,2012,https://p.scdn.co/mp3-preview/38970bc4c1107034de0eabaaadc87292b2190ef5?cid=774b29d4f13844c495f206cafdad9c86
7,Just for You,Sam Cooke,,2011,https://p.scdn.co/mp3-preview/f249d58b7742ab8620b00ba4a9fd9d211b18ca5b?cid=774b29d4f13844c495f206cafdad9c86
8,Scorpion Frog,Infected Mushroom,,2013,https://p.scdn.co/mp3-preview/15e77a2e63f430192184abe5d6ff40da1da19978?cid=774b29d4f13844c495f206cafdad9c86
9,Good Morning Night,Bad Astronaut,,2006,https://p.scdn.co/mp3-preview/b763751793015f353c1b4fca0b54326b592497c3?cid=774b29d4f13844c495f206cafdad9c86
10,Tempted To Touch,Rupee,,2003,https://p.scdn.co/mp3-preview/de1ffcb87deeaae67b7a3646f36e7b7ae00cb62f?cid=774b29d4f13844c495f206cafdad9c86
11,Enthused,blink-182,Rock,2010,https://p.scdn.co/mp3-preview/04ad784c45f1864d147002c4ff8b57e15ad739f8?cid=774b29d4f13844c495f206cafdad9c86
12,Niña Bonita,Chino & Nacho,,2010,https://p.scdn.co/mp3-preview/50bd3cf9d452447044e25fa06e4218fc9b66af15?cid=774b29d4f13844c495f206cafdad9c86
13,Amazing,Aerosmith,,2000,https://p.scdn.co/mp3-preview/1959c28e1192a13bee7e37ee31d0cd7aac36b75f?cid=774b29d4f13844c495f206cafdad9c86
14,Glitterball,FC/Kahuna,Electronic,2002,https://p.scdn.co/mp3-preview/5c7612fc70cb56af5615cc6bf700e5c81f006acb?cid=774b29d4f13844c495f206cafdad9c86
15,Stone to Wake a Serpent,Isis,Metal,2009,https://p.scdn.co/mp3-preview/dde02c95228f790852cffe56ddc92d59f466e648?cid=774b29d4f13844c495f206cafdad9c86
16,Trust in You,The Offspring,,2008,https://p.scdn.co/mp3-preview/0d10bf8c041910e905b3e5847d6c4eb865e6d9df?cid=774b29d4f13844c495f206cafdad9c86
17,We Won't Back Down,Escape the Fate,,2008,https://p.scdn.co/mp3-preview/f002224d11008cb32245e595ac199801cecd760b?cid=774b29d4f13844c495f206cafdad9c86
18,Soñé,Zoé,,2007,https://p.scdn.co/mp3-preview/4f8d93485d78f3995dc11f7e580b6ed9a5264aa8?cid=774b29d4f13844c495f206cafdad9c86
19,The Alchemist's Dream,Behemoth,,1999,https://p.scdn.co/mp3-preview/d7f1f3c50ef9d02ac11bd4d0bf506856cbbf9cec?cid=774b29d4f13844c495f206cafdad9c86
20,Hurting,Friendly Fires,,2012,https://p.scdn.co/mp3-preview/699e05d0ef8d499fede839664f6668bb31a1b740?cid=774b29d4f13844c495f206cafdad9c86
21,Merry Christmas Mr. Lawrence,坂本龍一,,2013,https://p.scdn.co/mp3-preview/d52c17e7cbcda79d988ea08e8a5a2fb7ae5db09d?cid=774b29d4f13844c495f206cafdad9c86
22,Deceived,Extreme Noise Terror,,1995,https://p.scdn.co/mp3-preview/c986a4e3df3bacf36e112179949b53fe01d5690b?cid=774b29d4f13844c495f206cafdad9c86
23,The Eruption,Emperor,,2001,https://p.scdn.co/mp3-preview/eb03e4bf2d1990636248f5c5b7cb7e81ab9ec30b?cid=774b29d4f13844c495f206cafdad9c86
24,Bermuda Highway,My Morning Jacket,Rock,2001,https://p.scdn.co/mp3-preview/43ae0388fa2527602d7ef69b197741e1b5fe537e?cid=774b29d4f13844c495f206cafdad9c86
25,I Want You Now,Depeche Mode,Rock,1987,https://p.scdn.co/mp3-preview/a7f293bb28ec787eb2a214a38ca1a5f5cf0dd2ab?cid=774b29d4f13844c495f206cafdad9c86
26,The Great And The Good,Napalm Death,Metal,2005,https://p.scdn.co/mp3-preview/1eb0bfd47db7cb9754ae0c183a77abaeaaed13a0?cid=774b29d4f13844c495f206cafdad9c86
27,There Was a Time,Guns N' Roses,,2008,https://p.scdn.co/mp3-preview/0aa1ac5ba176be567a3bb492b968570dd31e64b5?cid=774b29d4f13844c495f206cafdad9c86
28,One Day Like This,Elbow,,2017,https://p.scdn.co/mp3-preview/13c7ef6591168d1b091f5b5714eb490bef2b00b7?cid=774b29d4f13844c495f206cafdad9c86
29,Cristobal,Devendra Banhart,Folk,2007,https://p.scdn.co/mp3-preview/f6c2cb412701fb13f2aaf40978750bceae315e00?cid=774b29d4f13844c495f206cafdad9c86
30,Terminal,Gui Boratto,,2007,https://p.scdn.co/mp3-preview/29e7de1e0f1785e50ccfa35f58511a6f6d9e102a?cid=774b29d4f13844c495f206cafdad9c86
31,Inner Strength,Flaw,Rock,2001,https://p.scdn.co/mp3-preview/94f7b3984c05d8b475a66308562992fe6d2f1b28?cid=774b29d4f13844c495f206cafdad9c86
32,Nlogax,Boards of Canada,Electronic,1996,https://p.scdn.co/mp3-preview/ff92b0325f21150b9c06acd4cc91c6311a5c4782?cid=774b29d4f13844c495f206cafdad9c86
33,BORDERLINE,鬼束ちひろ,,2002,https://p.scdn.co/mp3-preview/1ac6d05eb289206161279a372307f94b0b074992?cid=774b29d4f13844c495f206cafdad9c86
34,Firewood,Regina Spektor,Rap,2012,https://p.scdn.co/mp3-preview/b53d4a67f8883b73b5fe21b402a892bc67ea2421?cid=774b29d4f13844c495f206cafdad9c86
35,"Du, meine Sonne",Teenage Bad Girl,Electronic,2007,https://p.scdn.co/mp3-preview/0576d2dd53bce93a747399b38b7d5bb700779f01?cid=774b29d4f13844c495f206cafdad9c86
36,Poc Vecem,In Extremo,,2005,https://p.scdn.co/mp3-preview/866274bea8e8fe8f9731f5a0bb563c7f29b4ff53?cid=774b29d4f13844c495f206cafdad9c86
37,13 Years of Grief,Black Label Society,Metal,2001,https://p.scdn.co/mp3-preview/42f23effd252d88b2a050877d614d44f31f93392?cid=774b29d4f13844c495f206cafdad9c86
38,My Lover's Gone,Dido,Pop,1999,https://p.scdn.co/mp3-preview/0e60e20b31b809956f4e48a70a8840adf2b7229d?cid=774b29d4f13844c495f206cafdad9c86
39,Open All Night,Bruce Springsteen,Rock,1973,https://p.scdn.co/mp3-preview/92c657123c97fa4179febd7114050ff398b77f48?cid=774b29d4f13844c495f206cafdad9c86
40,Hey Girl,Dashboard Confessional,,2003,https://p.scdn.co/mp3-preview/71ddb4320e3914a69f7482cb19d525eea8ca9c3b?cid=774b29d4f13844c495f206cafdad9c86
41,Bobcaygeon,The Tragically Hip,Rock,2006,https://p.scdn.co/mp3-preview/028841c55450a565968c7f46878ff8e4073ce0c4?cid=774b29d4f13844c495f206cafdad9c86
42,Odyssey,Amethystium,Rock,2001,https://p.scdn.co/mp3-preview/cd0e3fe11d5fa4cd000c0b10393343aa16f968ef?cid=774b29d4f13844c495f206cafdad9c86
43,Stagger,Underworld,,1996,https://p.scdn.co/mp3-preview/70d3ab0cc7df71acf9b33ac8bbc3e2ea8c5ab68f?cid=774b29d4f13844c495f206cafdad9c86
44,Amanita,Animal Collective,,2012,https://p.scdn.co/mp3-preview/4c7a5ca4c752d71ce81c108b15d5a8f039216075?cid=774b29d4f13844c495f206cafdad9c86
45,Libertine,Sevdaliza,Pop,2017,https://p.scdn.co/mp3-preview/5479300aa3f89bad488ec4f101fc14415a63718e?cid=774b29d4f13844c495f206cafdad9c86
46,One World One Sky,Covenant,,2000,https://p.scdn.co/mp3-preview/161250b1e867c8e10e1d71be14a77f81c90b4869?cid=774b29d4f13844c495f206cafdad9c86
47,Superman (It's Not Easy),Five for Fighting,,2000,https://p.scdn.co/mp3-preview/88216b6070ca174d68332d3fbe41291034e815e9?cid=774b29d4f13844c495f206cafdad9c86
48,The Breaking of Serenity,Thyrfing,,2000,https://p.scdn.co/mp3-preview/53c2eb26b09677b9bcc719c80b48ba924e5104f0?cid=774b29d4f13844c495f206cafdad9c86
49,Mr. Brown,Bob Marley & The Wailers,Reggae,2007,https://p.scdn.co/mp3-preview/54e24ea593fad358112ee451bf83c5536d92ee6c?cid=774b29d4f13844c495f206cafdad9c86
50,The Consort,Rufus Wainwright,,2001,https://p.scdn.co/mp3-preview/fe61132d480eeda0d16678a35871d74d55d747b5?cid=774b29d4f13844c495f206cafdad9c86
51,Sad Girl,Lana Del Rey,,2014,https://p.scdn.co/mp3-preview/a239dc5d1feb2312ad90ab3a99b59b3a8ae32058?cid=774b29d4f13844c495f206cafdad9c86
52,Come On-A My House,Rosemary Clooney,,2010,https://p.scdn.co/mp3-preview/7fdfbe675d2c022daa3aa5c29b8fbe45073550a7?cid=774b29d4f13844c495f206cafdad9c86
53,In Time,Zero 7,Folk,2004,https://p.scdn.co/mp3-preview/12be9921fe0236bda25d2956e8f10dd48b41391b?cid=774b29d4f13844c495f206cafdad9c86
54,Like That Girl,Fatty Koo,,2005,https://p.scdn.co/mp3-preview/08b95ea169c8262c395b2ca200f0499ba8d64589?cid=774b29d4f13844c495f206cafdad9c86
55,In Your Face,Children of Bodom,,2005,https://p.scdn.co/mp3-preview/65da84b130fa5834bee60ceda7c73e34088c1b47?cid=774b29d4f13844c495f206cafdad9c86
56,Armchairs,Andrew Bird,Rock,2007,https://p.scdn.co/mp3-preview/245af0083cf34b220d2459cd0fd6f8b1fdfdbd41?cid=774b29d4f13844c495f206cafdad9c86
57,My Romance,Gene Ammons,,2015,https://p.scdn.co/mp3-preview/bba0074954d911e69c5cf15f005e577f7760e03e?cid=774b29d4f13844c495f206cafdad9c86
58,Stranger in a Strange Land,30 Seconds to Mars,Rock,2009,https://p.scdn.co/mp3-preview/0e68fb0bb15702eec09a384dc9c19a42bca66497?cid=774b29d4f13844c495f206cafdad9c86
59,Per Un Amico,Premiata Forneria Marconi,Rock,1972,https://p.scdn.co/mp3-preview/51ba17020a7cfa3e922faa37fb3130a2d14ebadb?cid=774b29d4f13844c495f206cafdad9c86
60,Papagenu (He's My Sassafrass),Tenacious D,Rock,2006,https://p.scdn.co/mp3-preview/040588fa2f0b474434b29466468084d8decfb1c1?cid=774b29d4f13844c495f206cafdad9c86
61,This Darkened Heart,All That Remains,Metal,2004,https://p.scdn.co/mp3-preview/33333aaba5b284d7c6031be5ccbe523952091cf7?cid=774b29d4f13844c495f206cafdad9c86
62,Sogg,Amiina,,2007,https://p.scdn.co/mp3-preview/7bf219b22af6a847728176acaad30c1aae729d32?cid=774b29d4f13844c495f206cafdad9c86
63,Disease,Matchbox Twenty,Rock,2002,https://p.scdn.co/mp3-preview/dfbaa74134bd55ffdf9742470d189a8f2c9cc8e5?cid=774b29d4f13844c495f206cafdad9c86
64,Bastard Samurai,High on Fire,Metal,2010,https://p.scdn.co/mp3-preview/b706431425ab4083bdd406eba322af9da7cc9b7f?cid=774b29d4f13844c495f206cafdad9c86
65,Some Way Through This (Plastician & Skream Remix),The Black Ghosts,Electronic,2012,https://p.scdn.co/mp3-preview/adc870e978ea635945c67819c4894431090d3c6e?cid=774b29d4f13844c495f206cafdad9c86
66,Kisses Sweeter Than Wine,Jimmie Rodgers,,2008,https://p.scdn.co/mp3-preview/b3f779046219f0a925f5b591fe7481b50b29ff95?cid=774b29d4f13844c495f206cafdad9c86
67,VI Scose Poise,Autechre,Electronic,2001,https://p.scdn.co/mp3-preview/c4b5597d5578ef10444fd1d00de2adfc9b5e65d6?cid=774b29d4f13844c495f206cafdad9c86
68,Feeding on the opiate,Lock Up,,2002,https://p.scdn.co/mp3-preview/1a35fe05ebfe3062f426abd7e667891308ae1814?cid=774b29d4f13844c495f206cafdad9c86
69,It's My Time,Clint Mansell,,2010,https://p.scdn.co/mp3-preview/e472124c1c510cbaeac00ff2c000fd48eab77440?cid=774b29d4f13844c495f206cafdad9c86
70,Bleeding Heart Disease,NOFX,Punk,1996,https://p.scdn.co/mp3-preview/c993a1333bcf310fbf80e52c23c023ce9539cfb3?cid=774b29d4f13844c495f206cafdad9c86
71,Stupid Boy,Keith Urban,,2012,https://p.scdn.co/mp3-preview/e95561821bec3d1ecd86a5a625634100fb25c564?cid=774b29d4f13844c495f206cafdad9c86
72,Famous Last Words,My Chemical Romance,,2006,https://p.scdn.co/mp3-preview/67c92af6b1777a1a0b39eb7869eb80bd92544bfe?cid=774b29d4f13844c495f206cafdad9c86
73,Slow Hand,Modestep,Electronic,2013,https://p.scdn.co/mp3-preview/0d7ddca59a913acf3022c4f4fd229ccc74139a0e?cid=774b29d4f13844c495f206cafdad9c86
74,Normal,Porcupine Tree,Latin,2003,https://p.scdn.co/mp3-preview/a2c5cf2a30802fc6854183d2957f715906d341ba?cid=774b29d4f13844c495f206cafdad9c86
75,The Siren of the Woods,Therion,Metal,1996,https://p.scdn.co/mp3-preview/0743b6c04b93198690e8c3fbf173acc10fbfdeae?cid=774b29d4f13844c495f206cafdad9c86
76,Rusty Moon,Amorphis,Metal,1999,https://p.scdn.co/mp3-preview/55eca3a8782c40cd78d1837135f96bda3f6e84b5?cid=774b29d4f13844c495f206cafdad9c86
77,Hard Boiled,Scuba,,2008,https://p.scdn.co/mp3-preview/69fcc7e72d0ba723f0b997cf852aa4708f3c87d7?cid=774b29d4f13844c495f206cafdad9c86
78,Head In My Hands,The Expendables,,2004,https://p.scdn.co/mp3-preview/3c422c7b0120291ffb03da24190a8abeffc03ea4?cid=774b29d4f13844c495f206cafdad9c86
79,Heaven Coming Down,The Tea Party,,2014,https://p.scdn.co/mp3-preview/cc2101f89923cfaf77bfb70b3df931acb61f70c0?cid=774b29d4f13844c495f206cafdad9c86
80,Fuck It,Eamon,,2010,https://p.scdn.co/mp3-preview/290ecf4383a60ac88e9f83c7da72469e28693600?cid=774b29d4f13844c495f206cafdad9c86
81,We Are The Sound,Alexisonfire,,2006,https://p.scdn.co/mp3-preview/6d5dc30054c5d6574b0983d02f37bb4e76bde39b?cid=774b29d4f13844c495f206cafdad9c86
82,Kiss It Goodbye,Nickelback,,2011,https://p.scdn.co/mp3-preview/0c7e43b7711b7d8a9fc70be84f3f8634159a8542?cid=774b29d4f13844c495f206cafdad9c86
83,Marching Orders,Kosheen,Electronic,2007,https://p.scdn.co/mp3-preview/05aa0b201bd3bf06adfac8d31d41cf3edfc0dbe7?cid=774b29d4f13844c495f206cafdad9c86
84,Obey,Rotten Sound,,2002,https://p.scdn.co/mp3-preview/ea2f621fbc0260b98f38e683372d15edc5d676bb?cid=774b29d4f13844c495f206cafdad9c86
85,Can I Get A Witness,Marvin Gaye,,2014,https://p.scdn.co/mp3-preview/3e50f6345a9d0a1326a0aed475da0c8dda0116cf?cid=774b29d4f13844c495f206cafdad9c86
86,Outsiders,Franz Ferdinand,,2005,https://p.scdn.co/mp3-preview/d90b56f89e3c2c3e71e9b47e4d1be7e20acea555?cid=774b29d4f13844c495f206cafdad9c86
87,Black Forest,Lisa Gerrard,,2009,https://p.scdn.co/mp3-preview/891cb3d662078681ccf694f36ebf9eea139baf59?cid=774b29d4f13844c495f206cafdad9c86
88,Your Best Nightmare,London After Midnight,,2005,https://p.scdn.co/mp3-preview/35ca970bc496233f58e8ca6f32ca594951eb5151?cid=774b29d4f13844c495f206cafdad9c86
89,Summer Days,Bob Dylan,,2001,https://p.scdn.co/mp3-preview/d75af73c8e0b44b797c8dd79e21d2aedacc2f5ff?cid=774b29d4f13844c495f206cafdad9c86
90,Never Giving Up,Of Mice & Men,,2015,https://p.scdn.co/mp3-preview/1f2a8ec6f98fa760eb7fa259fc6e3ae5d4643684?cid=774b29d4f13844c495f206cafdad9c86
91,This Is Really Testing The Patience I've Never Had,Heavy Heavy Low Low,,2007,https://p.scdn.co/mp3-preview/fa410a1a98baaf2930964f47384128d8ccd01d3d?cid=774b29d4f13844c495f206cafdad9c86
92,Last Request,Paolo Nutini,,2006,https://p.scdn.co/mp3-preview/9675e04fe5333efb02e08feab8be1fdebe204980?cid=774b29d4f13844c495f206cafdad9c86
93,Födosagan,Finntroll,Rock,2001,https://p.scdn.co/mp3-preview/d185d136224e4df4643c6ededc3c7adef2d8d0ed?cid=774b29d4f13844c495f206cafdad9c86
94,Syncopated City Revisited,London Elektricity,,2008,https://p.scdn.co/mp3-preview/e8f75f4adc78452d0038e1b9877cbde33d7286d1?cid=774b29d4f13844c495f206cafdad9c86
95,Planet Earth,Duran Duran,,2012,https://p.scdn.co/mp3-preview/315ada6934e8fbff5846e4ad79d58dea7956280b?cid=774b29d4f13844c495f206cafdad9c86
96,Love Like This,Kodaline,,2013,https://p.scdn.co/mp3-preview/be2d941d66b264cbcee18d8af00618140e5de4cf?cid=774b29d4f13844c495f206cafdad9c86
97,Bombenhagel,Sodom,,1996,https://p.scdn.co/mp3-preview/c74d64dc7d279c16e5f627d0f69b52bc4299e3ea?cid=774b29d4f13844c495f206cafdad9c86
98,Elevator Hopper,Kid Koala,,2003,https://p.scdn.co/mp3-preview/5821f7e471dafdc3fd35538e8344a0ec7011de6d?cid=774b29d4f13844c495f206cafdad9c86
99,Threesome,Fenix TX,Rock,2001,https://p.scdn.co/mp3-preview/1771ffe855283f374971baf87045d55663e805fa?cid=774b29d4f13844c495f206cafdad9c86
100,Bedroom Eyes,Natty,,2009,https://p.scdn.co/mp3-preview/b807406aa5a852ab728a1e5835ea59139b97a1d4?cid=774b29d4f13844c495f206cafdad9c86
101,Who Is She?,I Monster,,2010,https://p.scdn.co/mp3-preview/d6516a78c39af5a1bbcad501fe5afb48eb59d59d?cid=774b29d4f13844c495f206cafdad9c86
102,Essex Dogs,Blur,Rock,1997,https://p.scdn.co/mp3-preview/fa142a0889755511259b966326d8443a8ff5094f?cid=774b29d4f13844c495f206cafdad9c86
103,Get-Well-Cards,Conor Oberst,Rock,2008,https://p.scdn.co/mp3-preview/1c1d23331d75b1881be1ff6fb35d0dad8bfe916e?cid=774b29d4f13844c495f206cafdad9c86
104,Earth Flight,Pentagram,Metal,2001,https://p.scdn.co/mp3-preview/5b9bebe14b313afacb9059a75a0b6189e15f0cb5?cid=774b29d4f13844c495f206cafdad9c86
105,The Heart Collector,Nevermore,,2000,https://p.scdn.co/mp3-preview/704580233cf12dfbf536cda655649509a15eef17?cid=774b29d4f13844c495f206cafdad9c86
106,Execution Style,Soulfly,Metal,2004,https://p.scdn.co/mp3-preview/b815e680aad013e448003133c3b67d6a178dbfc5?cid=774b29d4f13844c495f206cafdad9c86
107,I Don't Wanna Stop,Ozzy Osbourne,Pop,2007,https://p.scdn.co/mp3-preview/9a5c54f15cea386d7530cc17857721ed6f69171a?cid=774b29d4f13844c495f206cafdad9c86
108,The Alkemyst,Dos Hombres,Electronic,2011,https://p.scdn.co/mp3-preview/73ef5270ad783dd02b2674ed85f511c6aad1a4cb?cid=774b29d4f13844c495f206cafdad9c86
109,Seanchas,Clannad,Folk,1999,https://p.scdn.co/mp3-preview/8612a5d61d830b5a89a4bb322e795f3291ac240b?cid=774b29d4f13844c495f206cafdad9c86
110,All Those Yesterdays,Pearl Jam,Rock,1998,https://p.scdn.co/mp3-preview/c07f6ffc2bf52dd29fd4091ec3510a52f2bf2e08?cid=774b29d4f13844c495f206cafdad9c86
111,Children Crying,The Congos,Reggae,1977,https://p.scdn.co/mp3-preview/4790e2679a1a37d79d8127401767884bee439ddf?cid=774b29d4f13844c495f206cafdad9c86
112,All of Us,Zero 7,,2009,https://p.scdn.co/mp3-preview/398647cc0688dd4b43fd5a07e188d57dce967a04?cid=774b29d4f13844c495f206cafdad9c86
113,That One,Totally Enormous Extinct Dinosaurs,,2010,https://p.scdn.co/mp3-preview/1179a4fdf07c4e3cc154405a857c590fdb06352f?cid=774b29d4f13844c495f206cafdad9c86
114,Santa Maria,Roland Kaiser,,2011,https://p.scdn.co/mp3-preview/06259f84578b3d30b1878ebdecdd514062661ee3?cid=774b29d4f13844c495f206cafdad9c86
115,Promised Land Blues,Culture Kultür,Electronic,2001,https://p.scdn.co/mp3-preview/66548ba71f01a7cabc8666d97fdfa4e559e0f51d?cid=774b29d4f13844c495f206cafdad9c86
116,Waters Rising,Alter Bridge,,2013,https://p.scdn.co/mp3-preview/51725ca23008e6996b1b620d476e92522876af51?cid=774b29d4f13844c495f206cafdad9c86
117,Starspawn,Behemoth,Metal,1999,https://p.scdn.co/mp3-preview/346468d99ee688ac1ee102c4243c153eaa30a918?cid=774b29d4f13844c495f206cafdad9c86
118,Bleeder,Zombie Girl,,2006,https://p.scdn.co/mp3-preview/d6212f319969ce602b8a93a6fdcadde76894ec15?cid=774b29d4f13844c495f206cafdad9c86
119,Doo Doo Doo Doo Doo (Heartbreaker),The Rolling Stones,Rock,2012,https://p.scdn.co/mp3-preview/bc14c72980445c00ed68761f36b6e9b886ed9f6b?cid=774b29d4f13844c495f206cafdad9c86
120,Limbo,Ludovico Einaudi,,2003,https://p.scdn.co/mp3-preview/770e0cbeb374e0b7acb3e60427c394c42adf6cbb?cid=774b29d4f13844c495f206cafdad9c86
121,Provision,August Burns Red,,2013,https://p.scdn.co/mp3-preview/f83d59cd9afe835d8ffbb340bd5745e325152b03?cid=774b29d4f13844c495f206cafdad9c86
122,Let Me Go,3 Doors Down,,2012,https://p.scdn.co/mp3-preview/3adff1667399c6a491e5a39f5b2fd2f1e8928a22?cid=774b29d4f13844c495f206cafdad9c86
123,Jesus Wrote a Blank Check,Cake,Rock,1997,https://p.scdn.co/mp3-preview/b67eabfffc31da519ba58e075e5de848eea5cf3a?cid=774b29d4f13844c495f206cafdad9c86
124,They're Leaving Me Behind,Nick Drake,Folk,2007,https://p.scdn.co/mp3-preview/f5a5202e04d1e74b5bdda347c6950302e847e6f3?cid=774b29d4f13844c495f206cafdad9c86
125,In the Sky,Asobi Seksu,,2009,https://p.scdn.co/mp3-preview/33ab7997920f89c66acf81143e4779b48b8338ee?cid=774b29d4f13844c495f206cafdad9c86
126,Molten,Digital Mystikz,Rock,2006,https://p.scdn.co/mp3-preview/8af903c6ad854a55b01ad625fdcf72e414264177?cid=774b29d4f13844c495f206cafdad9c86
127,My Curse,Killswitch Engage,Rock,2016,https://p.scdn.co/mp3-preview/591da0da6fe74da8c2b774dd2670e94b1361d5da?cid=774b29d4f13844c495f206cafdad9c86
128,Paris Nights/New York Mornings,Corinne Bailey Rae,RnB,2010,https://p.scdn.co/mp3-preview/91bb2e17a6a16dda28f418031497a61eff0edb4d?cid=774b29d4f13844c495f206cafdad9c86
129,Campfire,Grizzly Bear,,2004,https://p.scdn.co/mp3-preview/bba72de540cbf84ba76ca2098822530c03ee5dcb?cid=774b29d4f13844c495f206cafdad9c86
130,Dark Halls,Au Revoir Simone,Rock,2007,https://p.scdn.co/mp3-preview/25139bfc10e5ca6985a27f7c22a4a4efeee26da8?cid=774b29d4f13844c495f206cafdad9c86
131,The Listening,Lights,,2009,https://p.scdn.co/mp3-preview/d01dc375fa25139a2843aeb78be37c1e251d4fbe?cid=774b29d4f13844c495f206cafdad9c86
132,This Too Shall Pass Away (For Freddy),Xiu Xiu,,2010,https://p.scdn.co/mp3-preview/15ce6aa2def7d2b02d90a1dfe129e5321eab8308?cid=774b29d4f13844c495f206cafdad9c86
133,I Shall Be Free,Bob Dylan,,2014,https://p.scdn.co/mp3-preview/422e01f05a43397d566ea5f1765d914a7136b47c?cid=774b29d4f13844c495f206cafdad9c86
134,Sex Therapy,Robin Thicke,RnB,2013,https://p.scdn.co/mp3-preview/d0ff89d2168c7bf2f8faec2627f6be62099fad70?cid=774b29d4f13844c495f206cafdad9c86
135,Terrible Things,Mayday Parade,,2009,https://p.scdn.co/mp3-preview/fbb74eaaad00273088948db21ade99c00221a6e1?cid=774b29d4f13844c495f206cafdad9c86
136,Eines Tages,Samy Deluxe,Reggae,2011,https://p.scdn.co/mp3-preview/6fd62a0f509f71cb4ebf784450258d13e405a6db?cid=774b29d4f13844c495f206cafdad9c86
137,Somebody's Gonna Miss Us,The Starting Line,Rock,2007,https://p.scdn.co/mp3-preview/90a56ce38f5b9fae384aaa2c186f3a6da4498b88?cid=774b29d4f13844c495f206cafdad9c86
138,Run Away From Me,DotExe,,2011,https://p.scdn.co/mp3-preview/94088ffae78902d9bf6429b769557db5b41ca09f?cid=774b29d4f13844c495f206cafdad9c86
139,Gun Shy,Widowspeak,Reggae,2011,https://p.scdn.co/mp3-preview/d5b1960ce22816e1f4d99ecef232f2e1f36ed5d4?cid=774b29d4f13844c495f206cafdad9c86
140,Torch Of War,Vader,,2002,https://p.scdn.co/mp3-preview/80934ea04370c6bd851a6fe180c0f11f83e2ada2?cid=774b29d4f13844c495f206cafdad9c86
141,Everything's Right,Matt Wertz,Pop,2003,https://p.scdn.co/mp3-preview/4cf504d8935efc17bcff907f35f4329af375f835?cid=774b29d4f13844c495f206cafdad9c86
142,Stone in Love,Journey,Rock,1981,https://p.scdn.co/mp3-preview/d274b29989ac09083adcfbd05f20a429ed2ee01c?cid=774b29d4f13844c495f206cafdad9c86
143,Once More,The Orb,Electronic,2001,https://p.scdn.co/mp3-preview/c3ca7d7749fbd42d2008a9e9108766e983cc589e?cid=774b29d4f13844c495f206cafdad9c86
144,Booty Call,G. Love,Rock,2006,https://p.scdn.co/mp3-preview/24e6ab578a5c09de2dd1ffa0c5669658190ad852?cid=774b29d4f13844c495f206cafdad9c86
145,Electric Relaxation,A Tribe Called Quest,,1999,https://p.scdn.co/mp3-preview/01950f7c36f294494f677b7d9ea571a57ac06dba?cid=774b29d4f13844c495f206cafdad9c86
146,Cultivate,Mudvayne,Rock,2006,https://p.scdn.co/mp3-preview/ca9f6d9492f300b7564f833133d9ff9809aa4c2a?cid=774b29d4f13844c495f206cafdad9c86
147,6IE.CR,Autechre,Electronic,2003,https://p.scdn.co/mp3-preview/48f6b2a2dad1ab9738a4271212bf5de7605a36df?cid=774b29d4f13844c495f206cafdad9c86
148,Wake Up Mr. West,Kanye West,Rap,2005,https://p.scdn.co/mp3-preview/3f3c5a978fafa0f88ec9febb097538e430495102?cid=774b29d4f13844c495f206cafdad9c86
149,Woda,Hey,,2012,https://p.scdn.co/mp3-preview/b5641a540ed21a17c11b311c8a6dac8ca73b7a99?cid=774b29d4f13844c495f206cafdad9c86
150,Kriegsphilosophie,Behemoth,,2008,https://p.scdn.co/mp3-preview/fbe218423ed7e3e87483055a1eab63077d78e612?cid=774b29d4f13844c495f206cafdad9c86
151,Roads,Portishead,Electronic,1994,https://p.scdn.co/mp3-preview/6c015505fc9da21fb3c4e87237a464e9427dfbef?cid=774b29d4f13844c495f206cafdad9c86
152,Zelda,The Antlers,,2012,https://p.scdn.co/mp3-preview/d03b1942cece4d09f52972a0d1d71b835439fba5?cid=774b29d4f13844c495f206cafdad9c86
153,First Straw,311,Rock,2004,https://p.scdn.co/mp3-preview/1314463f09bb47e19d12be8b3ac3b1f3123f70c3?cid=774b29d4f13844c495f206cafdad9c86
154,Crystal Sequence,Astrix,,2002,https://p.scdn.co/mp3-preview/15085bf6ce0fa6c03d9971a1c1635fb6cc829f4e?cid=774b29d4f13844c495f206cafdad9c86
155,Can I Tell You,Kansas,,1974,https://p.scdn.co/mp3-preview/10467ed40bccd4f5a1f41555487f4b33c4f8d3e2?cid=774b29d4f13844c495f206cafdad9c86
156,It Wasn't Me,Shaggy,,2013,https://p.scdn.co/mp3-preview/3a0bd02d9bf7de880da447365e0f2733e79266ef?cid=774b29d4f13844c495f206cafdad9c86
157,Domination,Pantera,,2013,https://p.scdn.co/mp3-preview/9bbdeb97597b3ed32ff42d1862a932b0d5230fbe?cid=774b29d4f13844c495f206cafdad9c86
158,Dolphin Dance,Herbie Hancock,,2010,https://p.scdn.co/mp3-preview/9772e883b7eb78454415b53114dec3d309ceea89?cid=774b29d4f13844c495f206cafdad9c86
159,Milan,Karsh Kale,,2003,https://p.scdn.co/mp3-preview/b72961b13dcf4379d5330487baa9efe3d440e858?cid=774b29d4f13844c495f206cafdad9c86
160,Somebody Someone,Korn,,1994,https://p.scdn.co/mp3-preview/0ec3dc53f2edffe971b9f4a85cf540f38f759546?cid=774b29d4f13844c495f206cafdad9c86
161,You and Me and One Spotlight,Yellowcard,Rock,2007,https://p.scdn.co/mp3-preview/118cb09505fcf27bbf1c13b326f2cd3fe9d60719?cid=774b29d4f13844c495f206cafdad9c86
162,Wrong Direction,Amorphis,,2018,https://p.scdn.co/mp3-preview/21bbe04f9b71ec30737b2dfa5a6cef56586cc1d9?cid=774b29d4f13844c495f206cafdad9c86
163,Si La Nieve,Hevia,,1998,https://p.scdn.co/mp3-preview/fca440c5bf91ef63c693eb1c7098f680ed6d0e18?cid=774b29d4f13844c495f206cafdad9c86
164,Solea,Miles Davis,,1960,https://p.scdn.co/mp3-preview/c99a90542a7bd0de41c8a35f097e4b3bbc8753aa?cid=774b29d4f13844c495f206cafdad9c86
165,Rudy Got Soul,Desmond Dekker,Reggae,2006,https://p.scdn.co/mp3-preview/ce21250342fbebc13a3a4f3ca7f052571b2b8a44?cid=774b29d4f13844c495f206cafdad9c86
166,I Am the Walrus,The Beatles,,2006,https://p.scdn.co/mp3-preview/dd5e70b8f82ce32d814157c8bc08c2e0782a4e9f?cid=774b29d4f13844c495f206cafdad9c86
167,Drummer,Coconut Records,,2009,https://p.scdn.co/mp3-preview/2ea321add1dde31e0d9e25f36cb98608199a62e1?cid=774b29d4f13844c495f206cafdad9c86
168,Mysteria,Edguy,,2004,https://p.scdn.co/mp3-preview/e381ccbed4bc87c39b3df2055ef68e7dec542e95?cid=774b29d4f13844c495f206cafdad9c86
169,Up the Morning,Babyshambles,Rock,2005,https://p.scdn.co/mp3-preview/344252f6ce2e7348edfa194e9eb90cb4901800e6?cid=774b29d4f13844c495f206cafdad9c86
170,The Groove Line,Heatwave,,2011,https://p.scdn.co/mp3-preview/ab2677808db8e9b0cde4af9aad83ae9f6ccc9750?cid=774b29d4f13844c495f206cafdad9c86
171,Naked in Front of the Computer,Faith No More,Rock,1997,https://p.scdn.co/mp3-preview/cac66133f5a6287de2457e51c4df50ed59eb81c5?cid=774b29d4f13844c495f206cafdad9c86
172,Meddler,August Burns Red,Metal,2009,https://p.scdn.co/mp3-preview/edf1ba09ec12987af766d8502eaf0e19596bc831?cid=774b29d4f13844c495f206cafdad9c86
173,Let The Evil Go East,Greeley Estates,,2009,https://p.scdn.co/mp3-preview/f7f1b5add751794aa16fddc5aa841274054244f8?cid=774b29d4f13844c495f206cafdad9c86
174,Welcome to Destruction,Funker Vogt,Electronic,2007,https://p.scdn.co/mp3-preview/aa783e1a193be9c52b9dae0d27c192d68eef75e9?cid=774b29d4f13844c495f206cafdad9c86
175,The False Prophet,Thy Art Is Murder,,2008,https://p.scdn.co/mp3-preview/5ceba9ca08ce8c1a9a4281787aae9209c15b6ef2?cid=774b29d4f13844c495f206cafdad9c86
176,I'm Still Breathing,Katy Perry,Pop,2008,https://p.scdn.co/mp3-preview/4f735a90c0d426854062dc0363ff06c66f00a922?cid=774b29d4f13844c495f206cafdad9c86
177,White Wedding,Billy Idol,,1985,https://p.scdn.co/mp3-preview/7b8f1e7b301a28b6c4599133b23bee685770da54?cid=774b29d4f13844c495f206cafdad9c86
178,Book of Rules,The Heptones,,2001,https://p.scdn.co/mp3-preview/6db89de577cb3ed5fe2e8cf214de06b19d435bef?cid=774b29d4f13844c495f206cafdad9c86
179,Every Home Is Wired,Porcupine Tree,,1996,https://p.scdn.co/mp3-preview/48ddf32358438ef3f3bee03b5e271be65393e981?cid=774b29d4f13844c495f206cafdad9c86
180,Knock Me Down,Red Hot Chili Peppers,,1989,https://p.scdn.co/mp3-preview/2c5129e56b7b04cbacccdc0e85663b91b6eeea3e?cid=774b29d4f13844c495f206cafdad9c86
181,Song for Myla Goldberg,The Decemberists,Rock,2003,https://p.scdn.co/mp3-preview/86192d505e10affcb88b1b044c4cebc68de7b08d?cid=774b29d4f13844c495f206cafdad9c86
182,Sunshine,Mos Def,,2004,https://p.scdn.co/mp3-preview/6e4964c688baefe1d5de8b83f7746ffcaa88a647?cid=774b29d4f13844c495f206cafdad9c86
183,Pensacola,Deerhunter,Rock,2013,https://p.scdn.co/mp3-preview/31a60f5c4e063ad72637ca152711f5c3c5e0f2d2?cid=774b29d4f13844c495f206cafdad9c86
184,Big Ship,Freddie McGregor,,2012,https://p.scdn.co/mp3-preview/b545fad4cb21e4c251a92044d57269ce4b082baa?cid=774b29d4f13844c495f206cafdad9c86
185,Let The Wind Erase Me,Assemblage 23,Electronic,2004,https://p.scdn.co/mp3-preview/4551718450043ea5fa3ecbeed722cbd702992667?cid=774b29d4f13844c495f206cafdad9c86
186,Glacial,Hammock,,2005,https://p.scdn.co/mp3-preview/6be581f688a6e4e2b68a3f7a726a6505da1754d2?cid=774b29d4f13844c495f206cafdad9c86
187,Abwärts,Unheilig,,2010,https://p.scdn.co/mp3-preview/9f2575bd5daac014c2ce4623a0ad4850d4e4ac28?cid=774b29d4f13844c495f206cafdad9c86
188,Della Brown,Queensrÿche,,2007,https://p.scdn.co/mp3-preview/1d58d61d5401e4170af5f29ef4a86476470bacfb?cid=774b29d4f13844c495f206cafdad9c86
189,Claire's Horrors,London After Midnight,,2005,https://p.scdn.co/mp3-preview/b0bf51b81f86b66de3d77a6b7b3537e2af20db46?cid=774b29d4f13844c495f206cafdad9c86
190,Til Enda,Ólafur Arnalds,,2009,https://p.scdn.co/mp3-preview/532f287fe36ad756607568f57ea6e36731548503?cid=774b29d4f13844c495f206cafdad9c86
191,Because You Loved Me,Céline Dion,Pop,1996,https://p.scdn.co/mp3-preview/131eab693697959b1b642c86fd3675789ac6302f?cid=774b29d4f13844c495f206cafdad9c86
192,Ferdinand,Feuerschwanz,Rock,2009,https://p.scdn.co/mp3-preview/d778a931d7ebe18cc454e19ebf41403743261ce2?cid=774b29d4f13844c495f206cafdad9c86
193,Spitting Games,Snow Patrol,,2006,https://p.scdn.co/mp3-preview/a910471a09dae6964030f6f422232e5c1ccec2a9?cid=774b29d4f13844c495f206cafdad9c86
194,Filthy/Gorgeous,Scissor Sisters,Pop,2007,https://p.scdn.co/mp3-preview/3073dc768d83b85ea6171db142bbd1fe7d216cd2?cid=774b29d4f13844c495f206cafdad9c86
195,18 Karat Gold,Johnossi,Rock,2008,https://p.scdn.co/mp3-preview/ee84b1c5cb1dc4ea697b51335b6476f8836a2d4b?cid=774b29d4f13844c495f206cafdad9c86
196,Straight,Veruca Salt,,1997,https://p.scdn.co/mp3-preview/986e81e9e98a4974731b45f5bfc6dc4c583bd1bb?cid=774b29d4f13844c495f206cafdad9c86
197,Recreant,Chelsea Grin,,2010,https://p.scdn.co/mp3-preview/2eb0ce3bd6dd64367e87025ace9df61d36e261db?cid=774b29d4f13844c495f206cafdad9c86
198,Cousin Cleotis,Capdown,,2005,https://p.scdn.co/mp3-preview/b36f46a01621bb3bde0ab60ed5634fcf41642f94?cid=774b29d4f13844c495f206cafdad9c86
199,Coat Check Dream Song,Bright Eyes,Rock,2007,https://p.scdn.co/mp3-preview/ad533bae336c358ace3c9d0dcffb88d712f56971?cid=774b29d4f13844c495f206cafdad9c86
200,Not for Anyone,Hot Water Music,,2002,https://p.scdn.co/mp3-preview/3a10280749f9077efe06c808af61a08830957a12?cid=774b29d4f13844c495f206cafdad9c86
201,Time To Act!,Nasum,,1998,https://p.scdn.co/mp3-preview/8735f428f7f384e8881a36c5ebf42940b7cdb07d?cid=774b29d4f13844c495f206cafdad9c86
202,La Juma de Ayer,Compay Segundo,Latin,2008,https://p.scdn.co/mp3-preview/80e65a71926a7e758861506075c84a0fc59fe312?cid=774b29d4f13844c495f206cafdad9c86
203,Still Loving You,Scorpions,Country,1984,https://p.scdn.co/mp3-preview/9c4795278faa4ea371ba948185da195ba58da753?cid=774b29d4f13844c495f206cafdad9c86
204,No One Does It Like You,Department of Eagles,Rock,2009,https://p.scdn.co/mp3-preview/e0562574b9d1ea455d8fda2ae101e39f1e4a1595?cid=774b29d4f13844c495f206cafdad9c86
205,Strategy,Q Project,,2001,https://p.scdn.co/mp3-preview/a7f68c4a185790cce7c7259ace4ebc201dab49d5?cid=774b29d4f13844c495f206cafdad9c86
206,Oh My,Ladyhawke,Rock,2009,https://p.scdn.co/mp3-preview/0ae4c38378e99130431eb10e1431a2cbf4341ffc?cid=774b29d4f13844c495f206cafdad9c86
207,Surf Nicaragua,Sacred Reich,Metal,2007,https://p.scdn.co/mp3-preview/925a886f6ea740b9425b79dea82ecb66382b1a05?cid=774b29d4f13844c495f206cafdad9c86
208,Sweet Misery,Tiësto,,2009,https://p.scdn.co/mp3-preview/90e2c53235a274d0eba50a1d250f62c9c778f9aa?cid=774b29d4f13844c495f206cafdad9c86
209,T.V.,blink-182,,1998,https://p.scdn.co/mp3-preview/61f5fa62363f2611396fed1121622dc1af2eea74?cid=774b29d4f13844c495f206cafdad9c86
210,Fight,The Cure,,1987,https://p.scdn.co/mp3-preview/a6f83f866a94eea6cca94dcebcf37fc87feb838c?cid=774b29d4f13844c495f206cafdad9c86
211,Olympic,Millencolin,Electronic,1996,https://p.scdn.co/mp3-preview/98a2c60affda032aac9c368a0d75e588023bad27?cid=774b29d4f13844c495f206cafdad9c86
212,Isolation,Joy Division,,2008,https://p.scdn.co/mp3-preview/6625e33013b370e7928d5eb5e9126154e839a314?cid=774b29d4f13844c495f206cafdad9c86
213,Something On Your Mind,Karen Dalton,,2008,https://p.scdn.co/mp3-preview/12df68f0b6abf6b64aa618856940faa681cd16a2?cid=774b29d4f13844c495f206cafdad9c86
214,Hypnosis,Testament,,1988,https://p.scdn.co/mp3-preview/deb35b75664320360456f0db0565306dd6b6754f?cid=774b29d4f13844c495f206cafdad9c86
215,Rave Down,Swervedriver,Rock,1991,https://p.scdn.co/mp3-preview/d9bb6fa2a1f5c8a14b8f1a5d3ba67bb48b181438?cid=774b29d4f13844c495f206cafdad9c86
216,Degausser,Brand New,Rock,2006,https://p.scdn.co/mp3-preview/4936db40ea279e4b87f0566320aab1d9e4a6c4cc?cid=774b29d4f13844c495f206cafdad9c86
217,Leper Messiah,Metallica,,1986,https://p.scdn.co/mp3-preview/b0152aaef5744df8421aca0432f6f7b9c041fd05?cid=774b29d4f13844c495f206cafdad9c86
218,"The Planets, Op. 32: IV. Jupiter, the Bringer of Jollity",Gustav Holst,,2012,https://p.scdn.co/mp3-preview/f3ecc49e3c43767ffe763f00f5595b84de041b23?cid=774b29d4f13844c495f206cafdad9c86
219,Starfall,Dragonland,,2004,https://p.scdn.co/mp3-preview/99bec014905b919655248b171035c8fd1c025a11?cid=774b29d4f13844c495f206cafdad9c86
220,Ragtopskodacarchase,Bentley Rhythm Ace,Electronic,1997,https://p.scdn.co/mp3-preview/0fd5e5c8da498527660f1bdf93d19ee1e74af5ab?cid=774b29d4f13844c495f206cafdad9c86
221,Prolog Auf Erden,Equilibrium,Rock,2008,https://p.scdn.co/mp3-preview/61c4624eb0cb83f085c757377d1f1c38ec83f15b?cid=774b29d4f13844c495f206cafdad9c86
222,Boot Camp,Soundgarden,Rock,1996,https://p.scdn.co/mp3-preview/c66f85f1a50740747ded9976742c8cd8274147b3?cid=774b29d4f13844c495f206cafdad9c86
223,Shalom Salaam,Ziggy Marley,Reggae,2003,https://p.scdn.co/mp3-preview/969711ce727b7b887fe046c4e9340ca73bd37207?cid=774b29d4f13844c495f206cafdad9c86
224,Desperate Religion,ATB,Electronic,2007,https://p.scdn.co/mp3-preview/1d520a56b55b6cd293e5c974e06d32ce2fec2f48?cid=774b29d4f13844c495f206cafdad9c86
225,The City Is Here for You to Use,The Futureheads,Rock,2004,https://p.scdn.co/mp3-preview/2269e4097539601ca95c9012e3d48e1aa4281c8c?cid=774b29d4f13844c495f206cafdad9c86
226,Braindamage,Dope Stars Inc.,Electronic,2006,https://p.scdn.co/mp3-preview/15c5b33a906d7671b6d14ca3d49c0bfcfba73544?cid=774b29d4f13844c495f206cafdad9c86
227,Gangster Tripping,Fatboy Slim,Electronic,2014,https://p.scdn.co/mp3-preview/8d93117339f91c5d47cdcddd37f6266e98ec4894?cid=774b29d4f13844c495f206cafdad9c86
228,Hate Me!,Children of Bodom,,2000,https://p.scdn.co/mp3-preview/eca84f0f1cf99b81042b3a638753eb4f27703930?cid=774b29d4f13844c495f206cafdad9c86
229,Bled Dry,Unearth,,2006,https://p.scdn.co/mp3-preview/80464410c96dafdd0b50f4838d8b87a95eaf6f07?cid=774b29d4f13844c495f206cafdad9c86
230,Big Ego's,Dr. Dre,,1999,https://p.scdn.co/mp3-preview/c6540d9fd7554940107c5cddde7d12e5fb37a6a9?cid=774b29d4f13844c495f206cafdad9c86
231,La-La Means I Love You,The Delfonics,RnB,2005,https://p.scdn.co/mp3-preview/68805e865041429c853164149b06624437f93e6b?cid=774b29d4f13844c495f206cafdad9c86
232,Fanfare for the Common Man,Aaron Copland,,2010,https://p.scdn.co/mp3-preview/92f0ff95aea0afa6fee504ac47921bc466ee7259?cid=774b29d4f13844c495f206cafdad9c86
233,I'm Sprung,T-Pain,,2016,https://p.scdn.co/mp3-preview/713011430d929a30f0053f780f6e91df5b8db760?cid=774b29d4f13844c495f206cafdad9c86
234,Hotter Than Hell,Dua Lipa,,2016,https://p.scdn.co/mp3-preview/1c70d94725848c1818803314ee6b776d126f9e41?cid=774b29d4f13844c495f206cafdad9c86
235,Behind the Mirror,Kreator,Electronic,1988,https://p.scdn.co/mp3-preview/a104c04876495a91ddbeb469daaf019ef32d554c?cid=774b29d4f13844c495f206cafdad9c86
236,Speaking in Tongues,Eagles of Death Metal,,2004,https://p.scdn.co/mp3-preview/73d588f3f53366a5bea6e22465ce86894f98a414?cid=774b29d4f13844c495f206cafdad9c86
237,No Need To Worry,Yeasayer,Rock,2007,https://p.scdn.co/mp3-preview/0adbf1d4710bfd9a30a82b8ed003bbf77338f635?cid=774b29d4f13844c495f206cafdad9c86
238,You're The Boss,LaVern Baker & Jimmy Ricks,Jazz,2013,https://p.scdn.co/mp3-preview/40658d9baef8701a0d1df29f4cce277495ac5203?cid=774b29d4f13844c495f206cafdad9c86
239,I Want Out,Helloween,,1988,https://p.scdn.co/mp3-preview/d33de02489142a8fd01c2612781137b44f8b12a3?cid=774b29d4f13844c495f206cafdad9c86
240,The Round Table (Forever),Grave Digger,,2002,https://p.scdn.co/mp3-preview/d147d1c7e54a254f2705d5df61a89eb29e767591?cid=774b29d4f13844c495f206cafdad9c86
241,Think About The Way,Ice MC,,2012,https://p.scdn.co/mp3-preview/b9ee48cc359a8d916ba24d0c70975cad051b25d2?cid=774b29d4f13844c495f206cafdad9c86
242,Mars Needs Women,Rob Zombie,Electronic,2010,https://p.scdn.co/mp3-preview/3d2ae68488977b628efc5001d9be6c1433dd44c7?cid=774b29d4f13844c495f206cafdad9c86
243,Red Red Wine (Edit),UB40,,2012,https://p.scdn.co/mp3-preview/68f1b5c0766d8df562e6f3c5f4b8ac15227d81a6?cid=774b29d4f13844c495f206cafdad9c86
244,Never Gonna Be The Same,Courtney Love,,2004,https://p.scdn.co/mp3-preview/5ced32d63a538a70953ec0b8bdacc2e0115441e4?cid=774b29d4f13844c495f206cafdad9c86
245,Eternity Is Within,Shadows Fall,Metal,2004,https://p.scdn.co/mp3-preview/b8a06e9fe5078b216f86bfcd3e6b6bfeadf3fca6?cid=774b29d4f13844c495f206cafdad9c86
246,Cease To Exist,Suicide Silence,,2014,https://p.scdn.co/mp3-preview/a78eebb1694c853d080188d5f07c70c74c7d7f21?cid=774b29d4f13844c495f206cafdad9c86
247,Poison Oak,Bright Eyes,,2005,https://p.scdn.co/mp3-preview/b361aaeda2cdaca918c92530335c3c94083ddfd2?cid=774b29d4f13844c495f206cafdad9c86
248,Dust and Water,Antony and the Johnsons,Rock,2009,https://p.scdn.co/mp3-preview/d8096a687a3807f488b89628626232869d365ea7?cid=774b29d4f13844c495f206cafdad9c86
249,The Witch,The Sonics,Rock,2011,https://p.scdn.co/mp3-preview/11489d1ef6cb2990e1dd238640d27683e9ad6617?cid=774b29d4f13844c495f206cafdad9c86
250,This Dream Is Over,Mando Diao,Rock,2005,https://p.scdn.co/mp3-preview/74c2932316ec5e7f209bae9948d6a3df093e3a7c?cid=774b29d4f13844c495f206cafdad9c86
251,A Wink and a Smile,"Harry Connick, Jr.",Jazz,1993,https://p.scdn.co/mp3-preview/73fcad1a30f1bfc599e23291d5d4c7a55c50ef55?cid=774b29d4f13844c495f206cafdad9c86
252,"You Don't Love Me (No, No, No)",Rihanna,,2009,https://p.scdn.co/mp3-preview/2326b05f8522b88d00a98a6964b5401c18d66455?cid=774b29d4f13844c495f206cafdad9c86
253,Mansize Rooster,Supergrass,Rock,2013,https://p.scdn.co/mp3-preview/5bc4ea815a192369cbf4a2e9061b6f81bc43957d?cid=774b29d4f13844c495f206cafdad9c86
254,You Have Just Been Erased,Austrian Death Machine,Metal,2008,https://p.scdn.co/mp3-preview/fef909fd64bc1a5c91f74cc42818ce4d9db66b52?cid=774b29d4f13844c495f206cafdad9c86
255,Blue Room,The Orb,,1992,https://p.scdn.co/mp3-preview/143cdab83bce66a5460ed764a0ab6489442864b8?cid=774b29d4f13844c495f206cafdad9c86
256,El Pacto,Mägo de Oz,,2002,https://p.scdn.co/mp3-preview/b218ad81152a87bcfb348a865a54b249b1f1cd4e?cid=774b29d4f13844c495f206cafdad9c86
257,Daniel Cowman,Regina Spektor,,2004,https://p.scdn.co/mp3-preview/3404302f6f68f44338b9a87a2778ab4a6442a118?cid=774b29d4f13844c495f206cafdad9c86
258,Looking At The World From The Bottom Of A Well,Mike Doughty,Rock,2012,https://p.scdn.co/mp3-preview/ec47b61acbcc5d42fc6c491b18dd1b5aac95629e?cid=774b29d4f13844c495f206cafdad9c86
259,Ddiamondd,Battles,Rock,2007,https://p.scdn.co/mp3-preview/eaebb7bb1262148c8d9da0780e33f4a8ece56dd5?cid=774b29d4f13844c495f206cafdad9c86
260,Sigur 7 (Untitled),Sigur Rós,,2002,https://p.scdn.co/mp3-preview/b05b1f7b621765b4474322837740fd3a610a3d3e?cid=774b29d4f13844c495f206cafdad9c86
261,Jammin',Łąki Łan,Jazz,2012,https://p.scdn.co/mp3-preview/7fe1bd14d5197248d49bd10c61b5783be1afea38?cid=774b29d4f13844c495f206cafdad9c86
262,A Violent Reaction,American Head Charge,Metal,2001,https://p.scdn.co/mp3-preview/c0f2fe9eca6f85bb44b3ac7df41e6d1a26bed59c?cid=774b29d4f13844c495f206cafdad9c86
263,Weathered,Creed,Rock,2001,https://p.scdn.co/mp3-preview/6e82982e6efd7951d8baff72fbbe162a5044a0cd?cid=774b29d4f13844c495f206cafdad9c86
264,It's a Sin,Pet Shop Boys,,1987,https://p.scdn.co/mp3-preview/11a70856c8401158f1ad9849f3f6be17efc850d6?cid=774b29d4f13844c495f206cafdad9c86
265,My Eyes Have Seen You,The Doors,Rock,2008,https://p.scdn.co/mp3-preview/615180868d8c30a944ba1d037235d3b9c9124c3e?cid=774b29d4f13844c495f206cafdad9c86
266,No Reservations,Split Tongue Crow,Rock,2010,https://p.scdn.co/mp3-preview/4ae8df84e84511328a196591e33f35a9273420b7?cid=774b29d4f13844c495f206cafdad9c86
267,Swete Sone,Mediæval Bæbes,New Age,1998,https://p.scdn.co/mp3-preview/7bb7a9fcccd0d4fe2284653b14989b48138ad3b8?cid=774b29d4f13844c495f206cafdad9c86
268,Here Come The Rome Plows,Drive Like Jehu,Rock,1994,https://p.scdn.co/mp3-preview/11c500e4ca087c84067243fd056371c6013130dd?cid=774b29d4f13844c495f206cafdad9c86
269,Feels Like Tonight,Daughtry,,2008,https://p.scdn.co/mp3-preview/6a767dcdab978b61bf876545f065bcb7e2c57748?cid=774b29d4f13844c495f206cafdad9c86
270,The Ruler's Back,Jay-Z,Rap,2001,https://p.scdn.co/mp3-preview/014ed3c450cdf541ce3d1851eb35371521208a49?cid=774b29d4f13844c495f206cafdad9c86
271,Prime Time,The Alan Parsons Project,,1984,https://p.scdn.co/mp3-preview/aa958292dddf6e055b96cbbe75ba5cb73a07b041?cid=774b29d4f13844c495f206cafdad9c86
272,Bloodstream,Ed Sheeran,,2015,https://p.scdn.co/mp3-preview/41a979f25d6aecbaa975fc96eb1f2faed6c50f28?cid=774b29d4f13844c495f206cafdad9c86
273,Heroine,Blonde Redhead,,2007,https://p.scdn.co/mp3-preview/2c36abfd9530a143d1c7cb80db8939585596f5d6?cid=774b29d4f13844c495f206cafdad9c86
274,What a Waster,The Libertines,Rock,2007,https://p.scdn.co/mp3-preview/2f9d3303cc7674a359b28228b14a097676b98477?cid=774b29d4f13844c495f206cafdad9c86
275,The River North,The Dear Hunter,Rock,2006,https://p.scdn.co/mp3-preview/23279ffe26cbb49755d35d51522ce7330412eee6?cid=774b29d4f13844c495f206cafdad9c86
276,Gluetooth,Hudson Mohawke,,2009,https://p.scdn.co/mp3-preview/8b6086df3e4290ae8e666f97f86977e7cf7cab1e?cid=774b29d4f13844c495f206cafdad9c86
277,Hear My Call,Ari Koivunen,Folk,2007,https://p.scdn.co/mp3-preview/ce592f8e4cfdd49f051ec2191dba1b56a065df67?cid=774b29d4f13844c495f206cafdad9c86
278,Sheila Liked the Rodeo,The Tear Garden,Electronic,1993,https://p.scdn.co/mp3-preview/77968908904b5d3fbb235d918f6d885b5c939df7?cid=774b29d4f13844c495f206cafdad9c86
279,I Hear You Knocking,Dave Edmunds,,2015,https://p.scdn.co/mp3-preview/23f2b12bb7a62ed19474a745bc4750146eaf23a3?cid=774b29d4f13844c495f206cafdad9c86
280,Catacombs,At the Drive-In,,2000,https://p.scdn.co/mp3-preview/9207d689fb5c5cccca3c4be8a59b2a50759d5d7b?cid=774b29d4f13844c495f206cafdad9c86
281,Shadowplay,Joy Division,,2008,https://p.scdn.co/mp3-preview/c906878737a9208f982173d83619ff7c4ef60587?cid=774b29d4f13844c495f206cafdad9c86
282,Schweigen ist Silber,Philipp Poisel,,2008,https://p.scdn.co/mp3-preview/0cf54a2095fb2f92394ea5ea35cfdec68f9b5304?cid=774b29d4f13844c495f206cafdad9c86
283,Interdimensionary,Arsonists Get All The Girls,,2009,https://p.scdn.co/mp3-preview/11b6495a041e9896ff60c84f6d1de4ae97e81d45?cid=774b29d4f13844c495f206cafdad9c86
284,Share This Poison,Razed in Black,Electronic,2012,https://p.scdn.co/mp3-preview/5cf9ea0b3d0b378637e7d1f611e36a9704afc1dc?cid=774b29d4f13844c495f206cafdad9c86
285,People Together,Bachelors of Science,Electronic,2013,https://p.scdn.co/mp3-preview/cd9673ef11153e8f643abdc72cafd82283000383?cid=774b29d4f13844c495f206cafdad9c86
286,Get Here,Oleta Adams,,2013,https://p.scdn.co/mp3-preview/2ad577c17f89682967b5c3e04b44ebc50d2eda0c?cid=774b29d4f13844c495f206cafdad9c86
287,Driving,Sibylle Baier,,2006,https://p.scdn.co/mp3-preview/1c482785e4b5038f442873a19b009fbefd82a228?cid=774b29d4f13844c495f206cafdad9c86
288,Frühling in Paris,Rammstein,,2009,https://p.scdn.co/mp3-preview/0a21ac16c6b4a9a3444ac31cc7b29f76b4f60669?cid=774b29d4f13844c495f206cafdad9c86
289,Zarter Engel,Letzte Instanz,,1999,https://p.scdn.co/mp3-preview/66eda5198b83384a05d01169fbdd6c526bab26c9?cid=774b29d4f13844c495f206cafdad9c86
290,Beauty And The Beast,Angela Lansbury,Jazz,1991,https://p.scdn.co/mp3-preview/5a37b75c1c2fe151ddb37ff1a7c9a5fa01de4a51?cid=774b29d4f13844c495f206cafdad9c86
291,Chinatown,Destroyer,Rock,2011,https://p.scdn.co/mp3-preview/1b5117cc798b0d4dc9a52373155ce90377a5fad7?cid=774b29d4f13844c495f206cafdad9c86
292,The Softest Voice,Animal Collective,,2004,https://p.scdn.co/mp3-preview/74dc50fae1a095631c28d4cc0f09820ceaaf86ba?cid=774b29d4f13844c495f206cafdad9c86
293,Imagine,John Lennon,,2000,https://p.scdn.co/mp3-preview/e72798c96cce88d3f207c6002261d161b208bfbe?cid=774b29d4f13844c495f206cafdad9c86
294,Reality Check,Stigmato Inc.,,2008,https://p.scdn.co/mp3-preview/aacabfa9cccde67485385efb751df869e3f4fc01?cid=774b29d4f13844c495f206cafdad9c86
295,Three Years,Ignite,,2006,https://p.scdn.co/mp3-preview/319d1adf63de3d5b06ba9c9e0a25408970755b0f?cid=774b29d4f13844c495f206cafdad9c86
296,Pain Lies On The Riverside,Live,Rock,2004,https://p.scdn.co/mp3-preview/e874fcef7ea1bbc5975e228298cc195b951b764a?cid=774b29d4f13844c495f206cafdad9c86
297,This Could Be Love,Alkaline Trio,RnB,2011,https://p.scdn.co/mp3-preview/968e1e89f02c916ed9fea709d5423e42850fd5a5?cid=774b29d4f13844c495f206cafdad9c86
298,Plainclothes Man,Heatmiser,Rock,1996,https://p.scdn.co/mp3-preview/f3b286141a516432393350b1b0166eac4cc5b248?cid=774b29d4f13844c495f206cafdad9c86
299,Dayvan Cowboy (Odd Nosdam Remix),Boards of Canada,Electronic,2006,https://p.scdn.co/mp3-preview/2b113a09e217ed613b37cd25d60256e3257d679f?cid=774b29d4f13844c495f206cafdad9c86
300,Milestones,Miles Davis,Jazz,2011,https://p.scdn.co/mp3-preview/48ab322b3d7522f7acece3dbd26be123a01a992a?cid=774b29d4f13844c495f206cafdad9c86
301,The Orphans of Piety,Minsk,Metal,2007,https://p.scdn.co/mp3-preview/1211735417f8fda1375426f0576c8960726cab3f?cid=774b29d4f13844c495f206cafdad9c86
302,Stars Come Out,Calvin Harris,,2009,https://p.scdn.co/mp3-preview/84eabf0cb437afc3ad0b60b31154b0605e34dd08?cid=774b29d4f13844c495f206cafdad9c86
303,Song For The Dead,Queens of the Stone Age,Rock,2002,https://p.scdn.co/mp3-preview/bfe35ad253fb8e27ebf18539ed32e3bf716f06f9?cid=774b29d4f13844c495f206cafdad9c86
304,The Friend Catcher,The Birthday Party,,1999,https://p.scdn.co/mp3-preview/1b4b15547e9d1025bcc52664f90b21af7ef28771?cid=774b29d4f13844c495f206cafdad9c86
305,Saturday Saviour,Failure,Rock,1996,https://p.scdn.co/mp3-preview/7de9df0118460b6f41916263e4b0aec941f49ed2?cid=774b29d4f13844c495f206cafdad9c86
306,Only Love,Ben Howard,Rock,2014,https://p.scdn.co/mp3-preview/c200eead93b732e8e179e6e590fdd1b6db5c9968?cid=774b29d4f13844c495f206cafdad9c86
307,What's Mine Is Yours,Sleater-Kinney,Rock,2017,https://p.scdn.co/mp3-preview/ed65b49a1667fdd580c2c4068c50b12549e0f918?cid=774b29d4f13844c495f206cafdad9c86
308,Multinational Murderers Network,Nasum,,2000,https://p.scdn.co/mp3-preview/f543b31e69e1fb986d654832cf84cdad58714b5b?cid=774b29d4f13844c495f206cafdad9c86
309,Nachtmahr,Nachtmahr,Electronic,2008,https://p.scdn.co/mp3-preview/ba8c4c6ff73bb4fd79645d8e83f1bab93e5cc77f?cid=774b29d4f13844c495f206cafdad9c86
310,The Creep Out,The Dandy Warhols,Rock,1997,https://p.scdn.co/mp3-preview/d3fc49534f44f0eed9244ebcd89bc0ae38f4f255?cid=774b29d4f13844c495f206cafdad9c86
311,Tegernakô,Eluveitie,Rock,2012,https://p.scdn.co/mp3-preview/3fdd03aa12f5d5558488d5f09a567a13b945c27e?cid=774b29d4f13844c495f206cafdad9c86
312,Stick,Banks,,2014,https://p.scdn.co/mp3-preview/bd35006e8fccb8f1cd21405a013dec0e9ab5cbac?cid=774b29d4f13844c495f206cafdad9c86
313,The Big Surprise,The Felice Brothers,,2009,https://p.scdn.co/mp3-preview/0e431cb4ea684b5bbbf209488e1c9dac8126c6c1?cid=774b29d4f13844c495f206cafdad9c86
314,The Girls,Calvin Harris,,2007,https://p.scdn.co/mp3-preview/9f9103546a7f845ab45e78aee932734438ba8fab?cid=774b29d4f13844c495f206cafdad9c86
315,The Revolution,Attack Attack!,Rap,2012,https://p.scdn.co/mp3-preview/ee2c92c95a7cdfcaf289c7a7889b34c17f3b8fb6?cid=774b29d4f13844c495f206cafdad9c86
316,Loser Dust,Hole,Rock,2010,https://p.scdn.co/mp3-preview/aca5fd61fddb52f0b11bb6c02860a6ddfb1bea52?cid=774b29d4f13844c495f206cafdad9c86
317,It Goes On And On,The Avett Brothers,,2009,https://p.scdn.co/mp3-preview/351c3a46c7b9a88b013b027041690a058911d15e?cid=774b29d4f13844c495f206cafdad9c86
318,Educated Fools,Damian Marley,,2001,https://p.scdn.co/mp3-preview/d05b881b307f6d71072eb5d8c94f3aab5fd15dae?cid=774b29d4f13844c495f206cafdad9c86
319,19:53 North West,Pati Yang,,2005,https://p.scdn.co/mp3-preview/10d27ea9fb2a7a0497c7f342d025024e75b8f47f?cid=774b29d4f13844c495f206cafdad9c86
320,Lyin' Eyes,Eagles,Rock,2003,https://p.scdn.co/mp3-preview/bdb447e2d6c874a727c4cf09592f90536376e781?cid=774b29d4f13844c495f206cafdad9c86
321,Buzzin',Shwayze,Rap,2008,https://p.scdn.co/mp3-preview/debcde62fbe35bf0f33d4faf922e449ffe3b386d?cid=774b29d4f13844c495f206cafdad9c86
322,Flash In The Night,Secret Service,,2000,https://p.scdn.co/mp3-preview/0cff4265e88bcdb57c2b98fb8be78b08345dd653?cid=774b29d4f13844c495f206cafdad9c86
323,Sleep to Dream,Fiona Apple,RnB,1967,https://p.scdn.co/mp3-preview/6cad6eb1e6ea936e6f44661dd62355741f81a9b7?cid=774b29d4f13844c495f206cafdad9c86
324,La garçonnière,Benjamin Biolay,World,2011,https://p.scdn.co/mp3-preview/8626d25f09fc1327be105ed978c060120dc39181?cid=774b29d4f13844c495f206cafdad9c86
325,Amber,311,,2004,https://p.scdn.co/mp3-preview/dbceedcf1a37a7338e051b96bf661a382ec1f4ec?cid=774b29d4f13844c495f206cafdad9c86
326,God Gave Me You,Blake Shelton,,2011,https://p.scdn.co/mp3-preview/392e0d8fd8583f6f2788713afdccbc18d32cd2e4?cid=774b29d4f13844c495f206cafdad9c86
327,Sexy Bitch,David Guetta,,2009,https://p.scdn.co/mp3-preview/282100e2282a5d4e2fe9894e6b19129da7353af7?cid=774b29d4f13844c495f206cafdad9c86
328,A Hazy Shade of Winter,Simon & Garfunkel,,2003,https://p.scdn.co/mp3-preview/9123490bcbe3cae3867413b897e574813a184b7c?cid=774b29d4f13844c495f206cafdad9c86
329,Waiting for a Sign,Savages,,2013,https://p.scdn.co/mp3-preview/0d70ba2cdce9f9cf75ef4182af449b688179280a?cid=774b29d4f13844c495f206cafdad9c86
330,Battlefield,Jordin Sparks,,2010,https://p.scdn.co/mp3-preview/64e4bdca39e27ebbaf1a4a4244adea914f76db96?cid=774b29d4f13844c495f206cafdad9c86
331,Dedicated To You,Freddie Hubbard,,2011,https://p.scdn.co/mp3-preview/980008b0f43406d925e1093175f59d265afb2f2e?cid=774b29d4f13844c495f206cafdad9c86
332,All On Black,Alkaline Trio,,2003,https://p.scdn.co/mp3-preview/b0d543651eb04e723190013ed9efbce43cd93a42?cid=774b29d4f13844c495f206cafdad9c86
333,Sehnsucht,Rammstein,Electronic,1997,https://p.scdn.co/mp3-preview/6db1af047d9ac7ab51f4f7ff319a4a7a4d79cbbe?cid=774b29d4f13844c495f206cafdad9c86
334,Historia,O.S.T.R.,,2004,https://p.scdn.co/mp3-preview/a79b298630ec7068b3ef1a6b7b42a79476dd2e97?cid=774b29d4f13844c495f206cafdad9c86
335,Thetawaves,System of a Down,,1998,https://p.scdn.co/mp3-preview/ce6aba3864f1531b92e0b9828bfc210d13a5e48b?cid=774b29d4f13844c495f206cafdad9c86
336,Everybody's Talking,Good Shoes,,2007,https://p.scdn.co/mp3-preview/d70b977ba2cb6643eb0a943392157f401657503a?cid=774b29d4f13844c495f206cafdad9c86
337,Guilty Pleasure,Cobra Starship,,2010,https://p.scdn.co/mp3-preview/ecdefe749f7b5b1eb00057ef36227b801287f70d?cid=774b29d4f13844c495f206cafdad9c86
338,Beggar's Song,Anita Lipnicka & John Porter,,2003,https://p.scdn.co/mp3-preview/ddbba5236e44a4cbd7fc7aaad721ad9bc9f2487c?cid=774b29d4f13844c495f206cafdad9c86
339,The Motivation Proclamation,Good Charlotte,Rock,2000,https://p.scdn.co/mp3-preview/c11febf3e9e483c102e708f8178adb4b1f95e455?cid=774b29d4f13844c495f206cafdad9c86
340,We Got The Beat,The Go-Go's,,2009,https://p.scdn.co/mp3-preview/3046a7a75a388be4e8ca0afa9d9211c37973f7dd?cid=774b29d4f13844c495f206cafdad9c86
341,Passaggio,Ludovico Einaudi,Rock,1996,https://p.scdn.co/mp3-preview/777bd18a43453f7fd41af42ef89de0c79d2cc6f3?cid=774b29d4f13844c495f206cafdad9c86
342,Waracle,Ayreon,Metal,2009,https://p.scdn.co/mp3-preview/97fcf7c518d7c87a461473c99ee0f4bad942f3aa?cid=774b29d4f13844c495f206cafdad9c86
343,Nest,Moses Campbell,,2013,https://p.scdn.co/mp3-preview/2245bc40db0f7f34fe0248a85d1d60ad55ea3081?cid=774b29d4f13844c495f206cafdad9c86
344,Anywhere Anyone,Dntel,Electronic,2001,https://p.scdn.co/mp3-preview/ff8191299c7ea95cb5e607004086d52ebcdaad13?cid=774b29d4f13844c495f206cafdad9c86
345,Voices Of The Land,Máire Brennan,,1992,https://p.scdn.co/mp3-preview/dc4ec8b4ee555d268d599c28f424dab326e17345?cid=774b29d4f13844c495f206cafdad9c86
346,Yes Sequitur,Squarepusher,Electronic,2008,https://p.scdn.co/mp3-preview/51e186e4f3775715f99c3f76dc80af8d291edeaf?cid=774b29d4f13844c495f206cafdad9c86
347,Deep Inside,Korn,,1999,https://p.scdn.co/mp3-preview/91abc76e1fe6812c97f7fe64cf54f31976cc94a4?cid=774b29d4f13844c495f206cafdad9c86
348,Bunny,Zeigeist,,2008,https://p.scdn.co/mp3-preview/311b9109461fe702cbef7567122976b65974cabb?cid=774b29d4f13844c495f206cafdad9c86
349,"The Gangsta, The Killa And The Dope Dealer",Westside Connection,Rap,1996,https://p.scdn.co/mp3-preview/54f145f5e96c312971412e34dd05f8695493ecc7?cid=774b29d4f13844c495f206cafdad9c86
350,All in the Family,Korn,Jazz,1998,https://p.scdn.co/mp3-preview/62df8de484c25ac922261aa98b89021d31aaa39a?cid=774b29d4f13844c495f206cafdad9c86
351,Bruce Lee,Underworld,,1999,https://p.scdn.co/mp3-preview/c723d61b4861b5b617996ccc01fa2dc3cec85a69?cid=774b29d4f13844c495f206cafdad9c86
352,Cadillac,Mest,Rock,2001,https://p.scdn.co/mp3-preview/0a9a8136ad7c925cbfeb3d96548d848de557ad98?cid=774b29d4f13844c495f206cafdad9c86
353,Back Into Your System,Saliva,Rock,2002,https://p.scdn.co/mp3-preview/4b645cee585080ca118745663307d7edbe21eedf?cid=774b29d4f13844c495f206cafdad9c86
354,Androgyny,Garbage,Rock,2001,https://p.scdn.co/mp3-preview/4a0d91b83ac674bd5e0b65df6c49117e8010ba3c?cid=774b29d4f13844c495f206cafdad9c86
355,Wintertime Love,The Doors,,2006,https://p.scdn.co/mp3-preview/5754fa96ba4aec440bdcefa0d257989a6f30cee0?cid=774b29d4f13844c495f206cafdad9c86
356,Our Lips Are Sealed,The Go-Go's,,1999,https://p.scdn.co/mp3-preview/a7b365fa4f223ad5c432902bbfd4b42f1b62a588?cid=774b29d4f13844c495f206cafdad9c86
357,Behind A Wall Of Silence,Heaven Shall Burn,Metal,2015,https://p.scdn.co/mp3-preview/dc1f8aea2a909dcd05f0b3debd6b35f5c15c0700?cid=774b29d4f13844c495f206cafdad9c86
358,There's Always Room On The Broom,Liars,Rock,2009,https://p.scdn.co/mp3-preview/ba72b6ac3bf5ad6f89622d112f9867aedc93964e?cid=774b29d4f13844c495f206cafdad9c86
359,Moments in Love,Art of Noise,,2004,https://p.scdn.co/mp3-preview/9ef4bcf5536605df0c51e64c5d9dfe0077cf7fae?cid=774b29d4f13844c495f206cafdad9c86
360,Shiver,Coldplay,,2000,https://p.scdn.co/mp3-preview/e5d7ba8dddc6e3e1d4ddb99d57abc25c1e461cfa?cid=774b29d4f13844c495f206cafdad9c86
361,Lonely Woman,Ornette Coleman,,2015,https://p.scdn.co/mp3-preview/296b4871f3ff89d9856d7059722bcedcb68af5e4?cid=774b29d4f13844c495f206cafdad9c86
362,Jumper,Third Eye Blind,,2005,https://p.scdn.co/mp3-preview/16904dfcaeb1034c44d0816fd5a09300a0adf3cf?cid=774b29d4f13844c495f206cafdad9c86
363,Gigantic,Pixies,,1988,https://p.scdn.co/mp3-preview/bc7a810e969d710d443b11c7a6cbc26a1b6b2dfa?cid=774b29d4f13844c495f206cafdad9c86
364,Babe,Styx,,2008,https://p.scdn.co/mp3-preview/861fda5d5c260cf549ee95881b06fdfdfeba4b1e?cid=774b29d4f13844c495f206cafdad9c86
365,Sometimes Always,The Jesus and Mary Chain,,1994,https://p.scdn.co/mp3-preview/6e9b101c37f18f959e2c1dc28307b9adad9a1d58?cid=774b29d4f13844c495f206cafdad9c86
366,Earth Song,Michael Jackson,Pop,1979,https://p.scdn.co/mp3-preview/ffe3ced66631a6b7cb309387e032620bdfbe81fc?cid=774b29d4f13844c495f206cafdad9c86
367,You're So Right,The Strokes,,2011,https://p.scdn.co/mp3-preview/47b484caebcd04deed0eee6de99839d1d7ead4ac?cid=774b29d4f13844c495f206cafdad9c86
368,Steelrose,Project Pitchfork,Electronic,2011,https://p.scdn.co/mp3-preview/06700ebcbd8bf26bfb532cb5507b1be8ea45d300?cid=774b29d4f13844c495f206cafdad9c86
369,Tenuousness,Andrew Bird,Rock,2009,https://p.scdn.co/mp3-preview/a57d86ffd638ca65127f4cf3e6ac30e9e4b5b798?cid=774b29d4f13844c495f206cafdad9c86
370,The Boy In Your Eyes,Pati Yang,,2009,https://p.scdn.co/mp3-preview/2b8c8aac497510904e9d723ad2082ff576afa9ac?cid=774b29d4f13844c495f206cafdad9c86
371,Go All The Way,The Raspberries,Rock,2014,https://p.scdn.co/mp3-preview/3c85f51d1092a5856ae0e9001b29448fb2ba3b0f?cid=774b29d4f13844c495f206cafdad9c86
372,Stoned In Love,Chicane feat. Tom Jones,,2009,https://p.scdn.co/mp3-preview/1468f0e480467d501a0534f386630efc054e3d0e?cid=774b29d4f13844c495f206cafdad9c86
373,True To Myself,Ziggy Marley,Reggae,2007,https://p.scdn.co/mp3-preview/c219c43909dc4de1e886415b50eabe848522a767?cid=774b29d4f13844c495f206cafdad9c86
374,Faded Beauty Queens,The Thrills,Rock,2004,https://p.scdn.co/mp3-preview/63b7c307c608919ccb00a9d40b469df5ae637535?cid=774b29d4f13844c495f206cafdad9c86
375,Natty Dread,Bob Marley & The Wailers,,2012,https://p.scdn.co/mp3-preview/3cb41bc2437156fbcde58b8fc6b3b34aff1c15a6?cid=774b29d4f13844c495f206cafdad9c86
376,ZTO,Devin Townsend,Metal,2007,https://p.scdn.co/mp3-preview/0addae22898b9cce5301cb2e5c26397f356f051d?cid=774b29d4f13844c495f206cafdad9c86
377,Snowblind Friend,Steppenwolf,,1999,https://p.scdn.co/mp3-preview/10f7bb9f88f7e103db169ca8e3b85020f8050b73?cid=774b29d4f13844c495f206cafdad9c86
378,Human Strain,Slayer,Metal,2009,https://p.scdn.co/mp3-preview/bc2bc46aee5c36db6aba14e1eda55eaa072bf294?cid=774b29d4f13844c495f206cafdad9c86
379,Actions Speak Louder Than Words,Umbra Et Imago,Reggae,2005,https://p.scdn.co/mp3-preview/4d9b962f00bb6b46612b36237b1e1b4d5c1542fd?cid=774b29d4f13844c495f206cafdad9c86
380,Amarula Tree,Amanda Jenssen,Pop,2008,https://p.scdn.co/mp3-preview/93f4c4f9d8d01a2fdd372fee58dcb34b8a4f884a?cid=774b29d4f13844c495f206cafdad9c86
381,Courage Of The Wind,David Lanz,,2005,https://p.scdn.co/mp3-preview/5343069c0a994431aeeeb61495d4b18e32e152bc?cid=774b29d4f13844c495f206cafdad9c86
382,Street Justice,MSTRKRFT,,2006,https://p.scdn.co/mp3-preview/2bcf6204e56bbda5b0301e95d8b209a407c174c7?cid=774b29d4f13844c495f206cafdad9c86
383,White Minority,Black Flag,Punk,2006,https://p.scdn.co/mp3-preview/8aeb9e744b02e74acaafb429a6ef821feb245d41?cid=774b29d4f13844c495f206cafdad9c86
384,I Will Not Reap Destruction,We Came As Romans,,2009,https://p.scdn.co/mp3-preview/8048d15708ba94baf2f68e67e677a26f8f27f515?cid=774b29d4f13844c495f206cafdad9c86
385,Songline,Steve Roach,Rock,2018,https://p.scdn.co/mp3-preview/1439f22515f4f785b17db68e0bbd4d0e9647b0d5?cid=774b29d4f13844c495f206cafdad9c86
386,Opening Titles,The Cinematic Orchestra,,2008,https://p.scdn.co/mp3-preview/ebf7b523f9237cfed76409d9efba666159eb5629?cid=774b29d4f13844c495f206cafdad9c86
387,Prima Materia,Alex Smoke,Electronic,2006,https://p.scdn.co/mp3-preview/69b1fd0be9bc7094764eb5e10788e083e393112f?cid=774b29d4f13844c495f206cafdad9c86
388,Chain Reaction,Diana Ross,,2013,https://p.scdn.co/mp3-preview/ff0f688a8a1e8bae86e2e69ad3cc2f25f1f0e304?cid=774b29d4f13844c495f206cafdad9c86
389,All About Our Love,Sade,RnB,2000,https://p.scdn.co/mp3-preview/a87d67f6a6ba678506a6bc11aac58e65124692c6?cid=774b29d4f13844c495f206cafdad9c86
390,(The System Of) Doctor Tarr And Professor Fether,The Alan Parsons Project,Rock,2003,https://p.scdn.co/mp3-preview/7f644098b9a581360952abf8708c88fb7397e408?cid=774b29d4f13844c495f206cafdad9c86
391,Telegrama,Zeca Baleiro,,2013,https://p.scdn.co/mp3-preview/d46786bb966dc874dfbf9fd88ef174e4ad3d57d8?cid=774b29d4f13844c495f206cafdad9c86
392,E8 Boogie,Squarepusher,Electronic,1997,https://p.scdn.co/mp3-preview/07d36b4986cc3f7ab8810381d9b9a1e483ebf1bd?cid=774b29d4f13844c495f206cafdad9c86
393,Au Revoir,OneRepublic,,2013,https://p.scdn.co/mp3-preview/0afc3e101d32ab95f7babb3115dc5502ad55b484?cid=774b29d4f13844c495f206cafdad9c86
394,Fall Hard,Shout Out Louds,,2010,https://p.scdn.co/mp3-preview/e0db1dea97ece2a52ec5b1eb5e1ff459afb61361?cid=774b29d4f13844c495f206cafdad9c86
395,Hall of the Dead,Isis,,2017,https://p.scdn.co/mp3-preview/053ba011db02204df8a376f2db96d5f749a75a79?cid=774b29d4f13844c495f206cafdad9c86
396,Blues Walk,Lou Donaldson,Jazz,2014,https://p.scdn.co/mp3-preview/fed86cfd358e0d5945ac91f5b083e390f649e0c5?cid=774b29d4f13844c495f206cafdad9c86
397,She's The Only One,The Rifles,,2006,https://p.scdn.co/mp3-preview/dcf4fb19be08a237c023d7c65ca7ba0a91ad2e4b?cid=774b29d4f13844c495f206cafdad9c86
398,The Second Line,Clinic,Rock,2000,https://p.scdn.co/mp3-preview/58b7ac5de9d02237bcaa509ae043027be88a302a?cid=774b29d4f13844c495f206cafdad9c86
399,Procreating The Infection,Beneath the Massacre,,2008,https://p.scdn.co/mp3-preview/239eaa17d8c15d0f1b2561de3fa0a6f4ac9c668d?cid=774b29d4f13844c495f206cafdad9c86
400,The Dreaming Tree,Dave Matthews Band,New Age,1998,https://p.scdn.co/mp3-preview/01ad6e7ebfa3f25089d20146dfc2ebb6bfe18e89?cid=774b29d4f13844c495f206cafdad9c86
401,The Sun Ain't Gonna Shine Anymore,The Walker Brothers,,2006,https://p.scdn.co/mp3-preview/250eac44b71385bb027aba0c59fa3323d2425a05?cid=774b29d4f13844c495f206cafdad9c86
402,Deep Water,Portishead,,2008,https://p.scdn.co/mp3-preview/e583be1071861d41254eadcd90025a445b0968ba?cid=774b29d4f13844c495f206cafdad9c86
403,Smokey,Emmure,Rock,2017,https://p.scdn.co/mp3-preview/3ff346a803196f05526cebb4210359663869c396?cid=774b29d4f13844c495f206cafdad9c86
404,Soul Bossa Nova,Quincy Jones,,2015,https://p.scdn.co/mp3-preview/02ab61b0ab164318f3b5f77350bddead728b43a8?cid=774b29d4f13844c495f206cafdad9c86
405,Excess,Tricky,Electronic,2001,https://p.scdn.co/mp3-preview/4c987537719e8ebb48bfc90fe12b09b73a7e22b4?cid=774b29d4f13844c495f206cafdad9c86
406,Dracula,Gorillaz,,2001,https://p.scdn.co/mp3-preview/55ec2e78c7d68356a407f56f94d79aa1b8b5074e?cid=774b29d4f13844c495f206cafdad9c86
407,Lay All Your Love On Me,Helloween,,1999,https://p.scdn.co/mp3-preview/84d6f6f3becdef9149a1bc681f100417393193d1?cid=774b29d4f13844c495f206cafdad9c86
408,Life And Limb,Napalm Death,,2009,https://p.scdn.co/mp3-preview/39360d5413d93790f3aa8666f99648a1ec2f5ca8?cid=774b29d4f13844c495f206cafdad9c86
409,Kentucky Rain,Elvis Presley,Rock,2012,https://p.scdn.co/mp3-preview/8b92d717a9f8d065fc2daa13d0dd006096dd191a?cid=774b29d4f13844c495f206cafdad9c86
410,Rocky Mountain High,John Denver,,2013,https://p.scdn.co/mp3-preview/8fd15fae092d4ae76a622951e3cef8f237145603?cid=774b29d4f13844c495f206cafdad9c86
411,Mantaray,Buckethead,,2002,https://p.scdn.co/mp3-preview/7d9a2119e51093e90e3fbafba3e43245ccea0382?cid=774b29d4f13844c495f206cafdad9c86
412,The Spirit Of Nature,Borknagar,,2006,https://p.scdn.co/mp3-preview/693d1fce8532370b1f6a26ffdc594686f10704c1?cid=774b29d4f13844c495f206cafdad9c86
413,Melody Day,Caribou,,2007,https://p.scdn.co/mp3-preview/94a15bf2b09c33245666681a0a0878c830ba0650?cid=774b29d4f13844c495f206cafdad9c86
414,Kung Fu Fighting,Carl Douglas,,2012,https://p.scdn.co/mp3-preview/c0bcf18532290f37d42a25dc1d4e973360c9b575?cid=774b29d4f13844c495f206cafdad9c86
415,The Far Out Son of Lung and The Ramblings of a Madman,The Future Sound of London,Electronic,1994,https://p.scdn.co/mp3-preview/1535a4f428049ad4868c5244ca7553fbdde45eda?cid=774b29d4f13844c495f206cafdad9c86
416,I'll Drink To That,The Mighty Mighty Bosstones,,1992,https://p.scdn.co/mp3-preview/8b93d04e6f32428eac375f3a3b91da35999531cb?cid=774b29d4f13844c495f206cafdad9c86
417,Sealed With A Kiss,Jason Donovan,,1991,https://p.scdn.co/mp3-preview/399315c9cbeb6bd29dfa1d0f02fd46f54c8e5917?cid=774b29d4f13844c495f206cafdad9c86
418,Facelift,Soft Machine,Punk,2002,https://p.scdn.co/mp3-preview/f096599a3a391d4a7cbeb84c9eb07c9f5a88b735?cid=774b29d4f13844c495f206cafdad9c86
419,Without a Word,Birdy,,2011,https://p.scdn.co/mp3-preview/068ca4b8c92f7d4b74d30340ab80c49ed7669d3d?cid=774b29d4f13844c495f206cafdad9c86
420,"4th of July, Asbury Park (Sandy)",Bruce Springsteen,Rock,1978,https://p.scdn.co/mp3-preview/371b0b7ff6fa8cea228c181ebc1f41c46f94fa17?cid=774b29d4f13844c495f206cafdad9c86
421,Got My Mind Made Up,2Pac,,1996,https://p.scdn.co/mp3-preview/f5cfe9419418005bf8f162b06b89c93d4a882206?cid=774b29d4f13844c495f206cafdad9c86
422,Dietro Casa,Ludovico Einaudi,,2014,https://p.scdn.co/mp3-preview/8aa0d0aef5ad6f0b3843606a87408f5779fe4185?cid=774b29d4f13844c495f206cafdad9c86
423,Death Comes Ripping,Cradle of Filth,,1999,https://p.scdn.co/mp3-preview/1ac29232eaba5befc5816782b671737d0c8b9040?cid=774b29d4f13844c495f206cafdad9c86
424,Tewe,Autechre,Electronic,1997,https://p.scdn.co/mp3-preview/d677954f496da3c009c694c44acdd2535f782686?cid=774b29d4f13844c495f206cafdad9c86
425,Spiderwebs,No Doubt,,1995,https://p.scdn.co/mp3-preview/65c081bc078073770a87e3420afbc14a246066f7?cid=774b29d4f13844c495f206cafdad9c86
426,Incubation,Joy Division,,2008,https://p.scdn.co/mp3-preview/c637da8f33c4be118f3e243fbd139ba224161895?cid=774b29d4f13844c495f206cafdad9c86
427,Look,Sébastien Tellier,,2008,https://p.scdn.co/mp3-preview/a9e58d05a0b799534841f65f8eb244f9b8f1ba31?cid=774b29d4f13844c495f206cafdad9c86
428,Getting Through,Helios,,2004,https://p.scdn.co/mp3-preview/7755c136eecedefd2effb6674dad2dec4f2469b1?cid=774b29d4f13844c495f206cafdad9c86
429,Das alte Leid,Rammstein,,1995,https://p.scdn.co/mp3-preview/313d72bee3910e04168515eb65c128aaf44bd6d3?cid=774b29d4f13844c495f206cafdad9c86
430,Contaminated,Banks,,2019,https://p.scdn.co/mp3-preview/124c5e98bf6e25376e9dcfc529c2eb12b7780e54?cid=774b29d4f13844c495f206cafdad9c86
431,LA,MU330,,1997,https://p.scdn.co/mp3-preview/0235dbf0273eb03e44c990de2f934a3fe2227b9d?cid=774b29d4f13844c495f206cafdad9c86
432,Keeper,Yellowcard,Rock,2007,https://p.scdn.co/mp3-preview/3644bf6951a58e38f636e0b92c4baf339d9f7293?cid=774b29d4f13844c495f206cafdad9c86
433,Colony,Bleed from Within,,2013,https://p.scdn.co/mp3-preview/e54b360b408d054c266d8ba9473e25a6cb30c229?cid=774b29d4f13844c495f206cafdad9c86
434,To Germany With Love,Alphaville,,1984,https://p.scdn.co/mp3-preview/5663687029734c6b3ade659514954ebdb195ecee?cid=774b29d4f13844c495f206cafdad9c86
435,Bide Your Time,The Courteeners,Rock,2008,https://p.scdn.co/mp3-preview/6d3156b564d6c3e78c8d3d2d7728f87f71b4421a?cid=774b29d4f13844c495f206cafdad9c86
436,I Will Protect You,Korn,,2007,https://p.scdn.co/mp3-preview/8a3c5463f7bd74142a1cbf600013863221023835?cid=774b29d4f13844c495f206cafdad9c86
437,Thunder & Lightning,Future Prophecies,,2005,https://p.scdn.co/mp3-preview/b3a75ea6625f62af31fa03c4025944f7c430dad7?cid=774b29d4f13844c495f206cafdad9c86
438,(I Just) Died in Your Arms,Cutting Crew,,2011,https://p.scdn.co/mp3-preview/f71236f7e8704770030f8080a50cffa655ab4925?cid=774b29d4f13844c495f206cafdad9c86
439,Hey Mami,Sylvan Esso,,2014,https://p.scdn.co/mp3-preview/119a21b8ec29d32f974db23d61763209a834076d?cid=774b29d4f13844c495f206cafdad9c86
440,Booty,Erykah Badu,,2000,https://p.scdn.co/mp3-preview/0e2eba23cd19532189ef8e62d23852b7c0e83d2e?cid=774b29d4f13844c495f206cafdad9c86
441,"No Light, No Hope",Swallow the Sun,Metal,2007,https://p.scdn.co/mp3-preview/e978e0c73093f31158118c76e75a8aef7cae0382?cid=774b29d4f13844c495f206cafdad9c86
442,Big City Train,No Doubt,,1992,https://p.scdn.co/mp3-preview/6d296cc2141dc7711cd4aac1797f042c2ec1b3d0?cid=774b29d4f13844c495f206cafdad9c86
443,Blanc,Sylvain Chauveau,,2012,https://p.scdn.co/mp3-preview/3fce7255cdcd7398e265cb0e93d0a3d2dc2315dd?cid=774b29d4f13844c495f206cafdad9c86
444,Original,Leftfield,,2012,https://p.scdn.co/mp3-preview/a5f3953719497d3c7c8097c462187d7c5d23397f?cid=774b29d4f13844c495f206cafdad9c86
445,Chapter I: Tales Of Ithiria,Haggard,Metal,2008,https://p.scdn.co/mp3-preview/09fc52ea5f5121eea4e7f85231da59ebf0ca3e1f?cid=774b29d4f13844c495f206cafdad9c86
446,Lilac Wine,Jeff Buckley,,1994,https://p.scdn.co/mp3-preview/220452f5e57b71ea90bc3df72c06ab3772184e79?cid=774b29d4f13844c495f206cafdad9c86
447,Vision Thing,The Sisters of Mercy,,1990,https://p.scdn.co/mp3-preview/a88fda5b3aebd86eb6253d81944644e1c24eb4e5?cid=774b29d4f13844c495f206cafdad9c86
448,Concrete Girl,Switchfoot,Rock,2008,https://p.scdn.co/mp3-preview/2d0dfb7b67d2b477306b5c2d1122045fea40449f?cid=774b29d4f13844c495f206cafdad9c86
449,Comin' Tonight,Martha Wainwright,Pop,2008,https://p.scdn.co/mp3-preview/84ce2d398a7846214b2412684629c38b24b3a4a3?cid=774b29d4f13844c495f206cafdad9c86
450,Nilaya,Astral Projection,Electronic,1999,https://p.scdn.co/mp3-preview/3af824edd35046608b13911f5074204bb63bd332?cid=774b29d4f13844c495f206cafdad9c86
451,Worlds & Dreams,Misery Signals,,2004,https://p.scdn.co/mp3-preview/dcc262966e58053226700a67d0d8d04551d23a8b?cid=774b29d4f13844c495f206cafdad9c86
452,The Promised Land,Bruce Springsteen,,1986,https://p.scdn.co/mp3-preview/adb7f7a817732e0e56dce37d32222c9e2d021826?cid=774b29d4f13844c495f206cafdad9c86
453,Madre Deus,In Extremo,Rock,2003,https://p.scdn.co/mp3-preview/d1bc2a461c230200040bd8c98d9d4215eef67549?cid=774b29d4f13844c495f206cafdad9c86
454,Rotten Hell,Menomena,Rock,2007,https://p.scdn.co/mp3-preview/00f589d712e3c2f5173e182ad8f40dd96cc79c6d?cid=774b29d4f13844c495f206cafdad9c86
455,Rock'n Roll,Daft Punk,Electronic,1997,https://p.scdn.co/mp3-preview/0624e464059e658cf7053dbdb68741a97a8525f8?cid=774b29d4f13844c495f206cafdad9c86
456,Otis,The Durutti Column,,1989,https://p.scdn.co/mp3-preview/84c99c5e2d1402c2f0d3b2195960974620422a13?cid=774b29d4f13844c495f206cafdad9c86
457,Anchorless,De-Phazz,Punk,2010,https://p.scdn.co/mp3-preview/8a53ba2c205ebc494303b095f6511f6ef3e27947?cid=774b29d4f13844c495f206cafdad9c86
458,Shroud of False,Anathema,Metal,1998,https://p.scdn.co/mp3-preview/90e1e116096d2bf299d9e0bc8e90fe4638643beb?cid=774b29d4f13844c495f206cafdad9c86
459,In Cairo,Hot Hot Heat,Rock,2002,https://p.scdn.co/mp3-preview/686a222d001f7f0c729398b4f16296583d2c3b06?cid=774b29d4f13844c495f206cafdad9c86
460,Picky Bugger,Elbow,Rock,2005,https://p.scdn.co/mp3-preview/c6fa1e0e0dda625e6102c738eaea8cd76377adca?cid=774b29d4f13844c495f206cafdad9c86
461,Dance Party In the Balkans,Alaska In Winter,,2007,https://p.scdn.co/mp3-preview/72c06f74ff8bf4895683af7cb6b1b93c7bfc7e61?cid=774b29d4f13844c495f206cafdad9c86
462,Way Of The Warrior,Ensiferum,,2017,https://p.scdn.co/mp3-preview/75f049924fdddab1ab1268cdebbb5cb26b44af10?cid=774b29d4f13844c495f206cafdad9c86
463,You Know What You Are?,Nine Inch Nails,,2005,https://p.scdn.co/mp3-preview/22098dba2316eaeb5204c3610e0f51da2a38f00c?cid=774b29d4f13844c495f206cafdad9c86
464,Watch That Grandad Go,Bauhaus,Rock,1982,https://p.scdn.co/mp3-preview/42006be9b136751c859d8c12905651c90e70dd44?cid=774b29d4f13844c495f206cafdad9c86
465,Approaching Menace,µ-Ziq,Electronic,1997,https://p.scdn.co/mp3-preview/5a1570b2dab2a87e47d971536332e3b13c918153?cid=774b29d4f13844c495f206cafdad9c86
466,S. Dreams,Smolik,,2006,https://p.scdn.co/mp3-preview/6ec2f6202fe0bf8ce759ba92e9812a7906c43f2f?cid=774b29d4f13844c495f206cafdad9c86
467,If You Let Me Stay,Terence Trent D'Arby,,2012,https://p.scdn.co/mp3-preview/4916f148d153a6df2fe5a40b64579890dba8e811?cid=774b29d4f13844c495f206cafdad9c86
468,Athene,Hercules and Love Affair,Electronic,2008,https://p.scdn.co/mp3-preview/513d664979700c80e83346e725b9498f829b3157?cid=774b29d4f13844c495f206cafdad9c86
469,Loreley,Blackmore's Night,,2003,https://p.scdn.co/mp3-preview/8c9c3c994a18047d0486571d9289e60c3d27a663?cid=774b29d4f13844c495f206cafdad9c86
470,In The Eyes Of God,The Crimson Armada,,2009,https://p.scdn.co/mp3-preview/a470a2e5fb8065bcbf2343f2ee836a5b08679e49?cid=774b29d4f13844c495f206cafdad9c86
471,The Sleeping Beauty,Tiamat,Rock,1992,https://p.scdn.co/mp3-preview/90585dc1d5558361a0d8d4413dff14d16593df22?cid=774b29d4f13844c495f206cafdad9c86
472,Broken Man,Boys Like Girls,,2007,https://p.scdn.co/mp3-preview/198aa96edc25cb96940516fa9e5156f4a3709074?cid=774b29d4f13844c495f206cafdad9c86
473,New Design,Thousand Foot Krutch,,2009,https://p.scdn.co/mp3-preview/7df022729b53134986bb858e07435135b8e21a64?cid=774b29d4f13844c495f206cafdad9c86
474,Svampfest,Finntroll,,1999,https://p.scdn.co/mp3-preview/2826990de9979acd866afdad0fe130577d55b52d?cid=774b29d4f13844c495f206cafdad9c86
475,Room to Breathe,You Me at Six,Rock,2014,https://p.scdn.co/mp3-preview/f58ce7aa8ac8d8c865f658aaf146f5ce65133c15?cid=774b29d4f13844c495f206cafdad9c86
476,If I Knew Then,Lady Antebellum,,2010,https://p.scdn.co/mp3-preview/702fb14810908968f46dd9e156b5989a2bb33fec?cid=774b29d4f13844c495f206cafdad9c86
477,Flaming Telepaths,Blue Öyster Cult,Folk,1973,https://p.scdn.co/mp3-preview/c938166b881e0b3c14bbbf348f7bc930c5bfbf3e?cid=774b29d4f13844c495f206cafdad9c86
478,Be My Angel,Mazzy Star,,1990,https://p.scdn.co/mp3-preview/b37ccba483e795e557d0a8cd9e37dfd28f895d8e?cid=774b29d4f13844c495f206cafdad9c86
479,The Blue Nun,Beastie Boys,Rap,1992,https://p.scdn.co/mp3-preview/f376ce39956277204a6dcc57e4bb16bdf6a3c42b?cid=774b29d4f13844c495f206cafdad9c86
480,Vicarious,Tool,Rap,2006,https://p.scdn.co/mp3-preview/af5b7252484b9aee340c639497d6b2aa4c7ee390?cid=774b29d4f13844c495f206cafdad9c86
481,All Turns Black,Hypocrisy,,2002,https://p.scdn.co/mp3-preview/ab253cbd28b362e973438a3499eba60bd674552a?cid=774b29d4f13844c495f206cafdad9c86
482,Age Of Innocence,Iron Maiden,Metal,2003,https://p.scdn.co/mp3-preview/147f088d1fc764d2e66e28dcc238a64a8de3f79b?cid=774b29d4f13844c495f206cafdad9c86
483,The Holy One,Gothminister,,2003,https://p.scdn.co/mp3-preview/61fe833e45b7072b2ccf6b98ea12214adc3e590a?cid=774b29d4f13844c495f206cafdad9c86
484,Deep Silent Complete,Nightwish,Metal,2000,https://p.scdn.co/mp3-preview/a5cfd42434e53d250dd54524b361da847c6d3d78?cid=774b29d4f13844c495f206cafdad9c86
485,New Amsterdam,Travis,,2007,https://p.scdn.co/mp3-preview/d3db0c6dc0010d78b15b226844aec72bbc8178f9?cid=774b29d4f13844c495f206cafdad9c86
486,Cluster,Boom Boom Satellites,,2007,https://p.scdn.co/mp3-preview/3cf8c4a07ea2136a27aac6b51e17c6ddf5feebe9?cid=774b29d4f13844c495f206cafdad9c86
487,Make Me Smile,Chicago,Reggae,2010,https://p.scdn.co/mp3-preview/39351e3f08d227cce83fd3b30be36062967aa966?cid=774b29d4f13844c495f206cafdad9c86
488,Five Becomes Four,Yellowcard,,2007,https://p.scdn.co/mp3-preview/299a30e16ef86988f7a8024bb61b453def58dc45?cid=774b29d4f13844c495f206cafdad9c86
489,2-1,Imogen Heap,,2009,https://p.scdn.co/mp3-preview/a9b84897f9d2c71a83251a910e3b11fdde8479e6?cid=774b29d4f13844c495f206cafdad9c86
490,Reminiscing,Little River Band,,2010,https://p.scdn.co/mp3-preview/def7019f0de382c82cb4614bf2c465825ba084d6?cid=774b29d4f13844c495f206cafdad9c86
491,Adrift for Days,Tipper,Electronic,2003,https://p.scdn.co/mp3-preview/a0e59ea8b08cf471e0a50af7b6347ce78a6a909b?cid=774b29d4f13844c495f206cafdad9c86
492,The Long Way Home,Lindstrøm,New Age,2009,https://p.scdn.co/mp3-preview/a268c196aa37da0a03ac8cd6bf33c662b7f16440?cid=774b29d4f13844c495f206cafdad9c86
493,Black Diamonds,Therion,,1998,https://p.scdn.co/mp3-preview/6b6574bd94c905c7e307991a1bcdce8cf76aeefd?cid=774b29d4f13844c495f206cafdad9c86
494,Be Mine Tonight,Blackmore's Night,,2006,https://p.scdn.co/mp3-preview/4e0361cc55ce51a798df99c040a7aa11d1b4f88c?cid=774b29d4f13844c495f206cafdad9c86
495,Hora soarelui,Negură Bunget,Rock,2011,https://p.scdn.co/mp3-preview/8d4315718fd2fa9bb41b8e1343da33983978ac0d?cid=774b29d4f13844c495f206cafdad9c86
496,Hide and Seek,Theatre of Tragedy,,2009,https://p.scdn.co/mp3-preview/ba98b8e91217388a444f20920f95b7c969356c7a?cid=774b29d4f13844c495f206cafdad9c86
497,O Tempo Não Pára,Cazuza,,1988,https://p.scdn.co/mp3-preview/d114173b1e2a79519c30d564b4ddb8935bf71554?cid=774b29d4f13844c495f206cafdad9c86
498,Boy Meets Girl,Junior Senior,,2003,https://p.scdn.co/mp3-preview/4c33110f71e8bd4ef9b2f26fbcb73ed6572a654f?cid=774b29d4f13844c495f206cafdad9c86
499,L.A. Blues,The Stooges,,1970,https://p.scdn.co/mp3-preview/f327f81018c00002a5a2a6305944768d3a99422e?cid=774b29d4f13844c495f206cafdad9c86
500,Always You,Amber Pacific,,2005,https://p.scdn.co/mp3-preview/1f93fda6e3f07ed6403b71085379bffa32ddd0aa?cid=774b29d4f13844c495f206cafdad9c86
